date,open,high,low,close
2022-01-03,84.14942829828149,84.9130983850939,83.78208547785431,84.83576965332031
2022-01-04,84.98076757081604,85.06776515418441,83.30357865645522,83.93675231933594
2022-01-05,83.4485743823066,83.51141088689371,81.32671395047245,81.35572052001953
2022-01-06,80.70806140356694,81.78107613240222,80.4615608105237,80.94490051269531
2022-01-07,80.89171042342993,81.27838355299879,79.67369264659975,80.20053100585938
2022-01-10,79.00668561706703,80.3165316596595,77.95783230966485,80.21503448486328
2022-01-11,80.00720651959135,81.29289167579684,79.41270085344534,81.17688751220703
2022-01-12,81.7810402262014,82.34171580459711,81.15269741421831,81.55870819091797
2022-01-13,81.97921979265246,82.21605882265746,79.24351622226426,79.44651794433594
2022-01-14,78.90518279203262,80.16669933259682,78.90518279203262,80.11836242675781
2022-01-18,78.95351826271533,79.42235821516141,77.9771703088901,78.19467163085938
2022-01-19,78.4411706543207,79.407849733739,77.0249893430574,77.10232543945312
2022-01-20,77.78867093075452,78.66351436517151,76.0051467522164,76.10665130615234
2022-01-21,75.92297181165462,76.79781515274445,74.57445043629707,74.59378814697266
2022-01-24,73.35160940796641,75.03363639692412,70.6835803309827,74.98046875
2022-01-25,73.51110799426414,74.63728999409118,72.4042637059057,73.24526977539062
2022-01-26,75.23662985378321,76.11630392639077,72.80059459467256,73.6754379272461
2022-01-27,74.86930363082345,75.26564565635937,72.90211522715359,73.16795349121094
2022-01-28,74.07662065121083,76.38698323099959,72.9746070096035,76.3676528930664
2022-01-31,76.38696351832833,78.38798854855861,76.01479745153803,78.28649139404297
2022-02-01,78.39285076711829,78.6200209687357,77.35366620382698,78.48951721191406
2022-02-02,78.65868535027771,79.25802170514355,78.12700886595158,79.12752532958984
2022-02-03,78.00616121930679,78.53783761671413,76.54647387156835,76.83164978027344
2022-02-04,76.42081266296259,77.8176635964888,76.09697606593619,77.1409912109375
2022-02-07,77.19899133859082,77.6581624231045,76.33380943839487,76.62864685058594
2022-02-08,76.38697036948183,77.78382121182027,76.20813711679821,77.57598876953125
2022-02-09,78.57652818620149,79.32086798076793,78.25268413983623,79.29669952392578
2022-02-10,77.72100660106003,79.04052160065014,76.81715656364092,77.2231674194336
2022-02-11,77.30049980982457,77.63884343487676,74.57930283745053,74.86447143554688
2022-02-14,74.66630657520527,75.44448370158737,73.97029630376068,74.8403091430664
2022-02-15,75.96647403952032,76.860655131796,75.70063581950517,76.80748748779297
2022-02-16,76.28547684485899,76.995986524786,75.45413228569508,76.73014831542969
2022-02-17,76.01483373583578,76.09216247970093,74.29414565060075,74.43431091308594
2022-02-18,74.69045275386685,74.796788034463,73.1147686303042,73.6802749633789
2022-02-22,72.90692835312944,74.16844474215316,72.20125681377776,72.99876403808594
2022-02-23,73.75761471798008,73.95577831877591,71.09440920598558,71.17174530029297
2022-02-24,68.72605643131432,73.65611869889884,68.49888623747358,73.60295104980469
2022-02-25,73.714119383807,74.62763092837416,72.81027669624258,74.60346984863281
2022-02-28,73.81078990063496,74.78229979339189,73.19210845815392,74.46813201904297
2022-03-01,74.18777985916672,74.5696148054457,72.40908672763219,72.97943115234375
2022-03-02,73.51595154557648,74.86929644140774,72.94560701789628,74.5599594116211
2022-03-03,75.18831767320573,75.19315579000606,73.29362705716848,73.6706314086914
2022-03-04,73.09542918806889,73.3999354275766,71.80491363160462,72.38008880615234
2022-03-07,72.31726963781871,72.6507751466703,69.69273911194688,69.73140716552734
2022-03-08,69.54290049465186,71.54875678324238,68.36838149089816,69.39306640625
2022-03-09,71.27809900342731,72.46711041612966,70.70775437951119,72.13844299316406
2022-03-10,70.86240775295873,71.07507832307962,69.80389301769621,70.87690734863281
2022-03-11,71.50525014953556,71.68408341283144,69.52355515691433,69.62989044189453
2022-03-14,69.31087271707727,70.09871836400517,68.14119215778514,68.33936309814453
2022-03-15,68.88072867257499,70.7754191552075,68.65355845429617,70.63525390625
2022-03-16,71.52941729812095,72.96009812878647,70.39356649068743,72.93109893798828
2022-03-17,72.53961470191646,73.49662513258535,72.14811077006,73.44829559326172
2022-03-18,73.18726814511943,75.08679626556577,72.82959425057459,74.95146179199219
2022-03-21,74.54761515014079,75.20617185110994,73.82611322892284,74.8091049194336
2022-03-22,74.862370680151,76.27632913214859,74.76067857253025,75.88410186767578
2022-03-23,75.17712928337588,75.86957852177515,74.64447033937269,74.71710968017578
2022-03-24,75.13354452279053,76.67824795668028,74.88174145992087,76.65887451171875
2022-03-25,76.77993274845032,76.8864645294181,75.65651677025062,76.61529541015625
2022-03-28,76.26181002057666,77.55955010038025,76.06811250872231,77.5256576538086
2022-03-29,78.43117499850344,79.24468242924587,77.86946326462603,79.17205047607422
2022-03-30,78.76527923506463,78.98802210109969,77.7048086218882,78.11640930175781
2022-03-31,78.10671984330259,78.25199110103631,76.8428724619844,76.9590835571289
2022-04-01,77.03658320179711,77.21575433619017,75.87442760593147,76.73152160644531
2022-04-04,76.93005589954842,78.22780353317583,76.90100311627711,78.1890640258789
2022-04-05,77.8500825778697,78.02924628789636,76.27632651856594,76.54265594482422
2022-04-06,75.26911928986165,75.44344332781442,74.06822446663331,74.73162078857422
2022-04-07,74.33456172763525,75.35145338887,73.82612328582276,74.84785461425781
2022-04-08,74.51373308769477,74.68805716190813,73.64211271662798,73.80191040039062
2022-04-11,72.87702471395806,72.96903011341371,71.84560665093096,71.94245910644531
2022-04-12,72.83343781762343,73.38546276700521,71.35168702658837,71.62285614013672
2022-04-13,71.66642492617575,72.99806457852023,71.40009551794623,72.77531433105469
2022-04-14,72.85279869838547,72.9835435791319,70.9739810927723,71.00787353515625
2022-04-18,70.65922535414701,71.7003299547656,70.6398592997818,71.24030303955078
2022-04-19,71.06113934069572,72.70268768136135,70.79965696830101,72.57678985595703
2022-04-20,73.27893856815022,73.47262870106145,72.29594673545608,72.5090103149414
2022-04-21,73.21597571864191,73.90358519983526,71.06114188870434,71.27904510498047
2022-04-22,71.20157693152575,71.61801737232439,69.18717440256971,69.28401947021484
2022-04-25,68.97893013747839,70.3735223443094,68.5479634331178,70.3250961303711
2022-04-26,69.68592361714904,69.79245539306085,67.67151398565835,67.70541381835938
2022-04-27,68.46081530654602,70.02972438399595,68.31070436531387,68.70777130126953
2022-04-28,69.78761274808008,71.8649751208412,69.41475889762917,71.45822143554688
2022-04-29,70.67859914898195,71.50179315646677,68.34943395178024,68.48017883300781
2022-05-02,68.40271738138613,69.61329928782384,67.62794939454935,69.52130126953125
2022-05-03,69.51161196265569,70.06847666340406,68.99832643560651,69.6423568725586
2022-05-04,69.91352259084667,72.2184676817967,68.75620668373114,72.08772277832031
2022-05-05,71.02722681262453,71.11439251371002,67.80224364850835,68.62059783935547
2022-05-06,67.99596416738572,69.15812723996338,67.04687208302656,68.068603515625
2022-05-09,66.83863613330927,67.26960292233818,65.13413503329187,65.43436431884766
2022-05-10,66.99360416036477,67.37130511562663,65.4440534437151,66.43189239501953
2022-05-11,65.8314210155503,67.08074202013785,64.13660690207779,64.33514404296875
2022-05-12,63.381214185466256,64.59663553304014,62.189998560465405,63.671756744384766
2022-05-13,64.53853576240444,66.11229208855168,64.12209533131791,65.78785705566406
2022-05-16,65.2406642946503,66.08323178407508,64.64989985760603,65.20677185058594
2022-05-17,66.61104322113262,67.19696798811246,65.85564145721439,67.09527587890625
2022-05-18,66.20913239762534,66.40282990328852,63.78312932602819,64.0252456665039
2022-05-19,63.54585539290633,64.41263606692111,63.02288318826827,63.32311248779297
2022-05-20,64.20440301660344,64.37872705998248,61.516914120913,63.46352767944336
2022-05-23,63.66206608780534,65.00339257612625,63.46352893110728,64.92107391357422
2022-05-24,64.01557169435827,64.34000676855877,62.83888959190602,63.95746612548828
2022-05-25,63.53617558906501,65.18256380760894,63.487749363717704,64.70317077636719
2022-05-26,64.3254770184422,66.54326390981309,64.18989243895275,66.257568359375
2022-05-27,66.99843324625084,68.51408388427102,66.87253541064952,68.49955749511719
2022-05-31,68.23322543185677,68.67871858938354,67.34707878340102,68.0104751586914
2022-06-01,68.74165579003834,69.20651489855733,67.30348453085352,67.80708312988281
2022-06-02,67.3276829613207,69.45346332221575,67.01293479458832,69.44862365722656
2022-06-03,68.131528379554,68.60123461359782,67.47297171864331,67.78772735595703
2022-06-06,68.63997917175293,69.06610627459096,67.45845030574128,67.79257202148438
2022-06-07,67.07106504168544,68.73198695632539,66.93548048401739,68.60124206542969
2022-06-08,68.39786038987637,68.72713503840185,67.63761159856311,67.82646942138672
2022-06-09,67.33254758850437,67.9911042501882,66.00090787757632,66.01543426513672
2022-06-10,64.87748216077053,65.08085896762398,63.45868417886319,63.478050231933594
2022-06-13,61.47819167759221,62.06411288254926,60.44193385138348,60.66468048095703
2022-06-14,61.119850149755955,61.453971884931455,60.48066315272599,61.04721450805664
2022-06-15,61.80745808770837,63.25531643998397,60.96973763226267,62.33526992797851
2022-06-16,60.75183638486996,60.805102279426634,59.30398159181729,59.79789733886719
2022-06-17,59.78821297692595,60.91647607188384,59.36692919148095,60.3450813293457
2022-06-21,61.22526799972097,62.317622708567626,61.22526799972097,61.88068008422851
2022-06-22,61.20585220676328,62.472980350174424,61.03593109205317,61.6185188293457
2022-06-23,62.14769686380586,62.66232351854678,61.57967331365301,62.54095077514648
2022-06-24,63.25945654558044,64.80331382706447,63.25945654558044,64.78874969482422
2022-06-27,64.99753340760529,65.19172683232424,64.06053198372588,64.3518295288086
2022-06-28,64.41010291364383,65.05095471716481,62.39531782543448,62.42444610595703
2022-06-29,62.3467500446988,62.92448548952672,61.84183898683273,62.550655364990234
2022-06-30,61.7204703767324,62.49240300382189,60.73978017250818,61.71561813354492
2022-07-01,61.32722385650963,62.0117679543056,60.798040436797095,61.85641098022461
2022-07-05,61.01651168438941,62.6477581077202,60.666957556531905,62.63319396972656
2022-07-06,62.769126400495,63.676999582916295,62.458412465378785,63.17208480834961
2022-07-07,63.448849352916824,64.6237372279445,63.448849352916824,64.47808837890625
2022-07-08,63.78866228288495,64.71595187210286,63.58960919468544,64.50718688964844
2022-07-11,63.94402175044123,64.22074776343578,63.18179733793859,63.61873626708984
2022-07-12,63.85178057966633,64.21103919083946,62.38074339195821,62.74971389770508
2022-07-13,61.56996999120374,62.98760656122861,61.298096209775466,62.58464813232422
2022-07-14,62.08459316443354,63.38085706259512,61.28353590773038,63.157527923583984
2022-07-15,63.76439513800059,64.29843827637814,63.49737356881181,64.2693099975586
2022-07-18,64.90043318303691,65.1334741962936,63.40512742533252,63.64787292480469
2022-07-19,64.35668484984451,65.6578045633085,63.9682905738252,65.58983612060547
2022-07-20,65.59953790186375,66.89094566797789,65.42476085526181,66.61421966552734
2022-07-21,66.69676971482318,67.56579552464258,66.00251358938655,67.55123138427734
2022-07-22,67.52208546726439,67.79881146993125,66.2355299429931,66.61907196044922
2022-07-25,66.58994757592949,66.66276826298785,65.69664591065775,66.19670104980469
2022-07-26,66.14329037741356,66.16270675609216,64.88101093118652,65.1237564086914
2022-07-27,66.19669458658362,68.27944752115283,66.09959046931365,67.92504119873047
2022-07-28,68.0027415750772,69.11451292870535,67.39587770326995,68.95915222167969
2022-07-29,69.17274495425215,70.2359712658129,68.88145484390907,70.01750183105469
2022-08-01,69.386380840954,70.56612795930565,69.2164634161417,69.86701965332031
2022-08-02,69.26500229702843,70.17286812551218,68.77465903822264,69.37181091308594
2022-08-03,69.711657234386,71.41573554005575,69.69709309570553,71.21668243408203
2022-08-04,71.19239233584683,71.57592692533908,70.73602965933435,71.54194641113281
2022-08-05,70.39620567626521,71.57594542934187,70.33794911799157,71.37689971923828
2022-08-08,71.3137901016026,71.86724968038367,70.38650028732708,70.7700424194336
2022-08-09,70.19714753056404,70.33794408031588,69.68252821465536,70.06121063232422
2022-08-10,71.72643943960601,72.03229371695127,71.15355623593557,71.97403717041016
2022-08-11,72.4255555981339,72.84793787424238,71.56138207028853,71.69246673583984
2022-08-12,72.1633789302281,73.12464899584535,71.94004982003196,73.11979675292969
2022-08-15,72.82850399086749,73.68782515573093,72.74597140784743,73.58101654052734
2022-08-16,73.24602874252945,73.72666752528563,72.69742892043963,73.38196563720703
2022-08-17,72.7120019495847,73.41596254195858,72.33331949553515,72.85765075683594
2022-08-18,72.93046639181355,73.5276183112678,72.64888069281747,73.236328125
2022-08-19,72.63429563306073,72.72168044136997,71.74584637523303,71.90605926513672
2022-08-22,70.92537967168079,70.94965570371288,69.72621628774382,69.90099334716797
2022-08-23,69.76504397598761,70.45444019593306,69.62425486819741,69.71649932861328
2022-08-24,69.66795602847996,70.05635029630234,69.37665847561203,69.76020050048828
2022-08-25,69.93982362581198,70.94479342737756,69.84757916193836,70.93993377685547
2022-08-26,70.91080720980199,71.08073200607411,67.8619246262057,67.91047668457031
2022-08-29,67.17739428079562,67.66774498287798,66.75501943746218,67.0123291015625
2022-08-30,67.39102333535564,67.50754387476135,65.71122815496255,66.313232421875
2022-08-31,66.71132109691843,66.92493832543012,65.63353046797666,65.66751098632812
2022-09-01,65.02668102030474,65.42963953404579,63.978018435726085,65.34710693359375
2022-09-02,66.02191593344743,66.39573862538694,64.15762508427768,64.49747467041016
2022-09-06,64.58486307782161,64.86159648626958,63.64786906255947,64.07024383544922
2022-09-07,64.19647368496248,65.35679689362979,63.978004213741535,65.09463500976562
2022-09-08,64.61400210516508,65.65781230809175,64.32271191979444,65.31796264648438
2022-09-09,65.86172199289243,66.78901173786824,65.73548957038945,66.609375
2022-09-12,67.02203603323667,67.70658014160196,67.0123241387053,67.67744445800781
2022-09-13,65.74518658607056,66.11415705817159,63.910031303244814,64.08480834960938
2022-09-14,64.38580901453663,64.78876740198628,63.70127238815029,64.31784057617188
2022-09-15,63.80323468067801,64.19162901310636,62.458422360447216,62.83710479736328
2022-09-16,62.2884919409756,62.6186222394779,61.59909195950913,62.487545013427734
2022-09-19,61.863135686384375,63.05552411304284,61.82419961443149,62.99712371826172
2022-09-20,62.40821890083307,63.021452683023895,62.082137689074,62.627227783203125
2022-09-21,62.953315250789856,63.87802270417981,61.6392508415581,61.648983001708984
2022-09-22,61.30342574532259,61.6927789370972,60.67559567298832,61.02114486694336
2022-09-23,60.46632151132096,60.55879373369337,59.42967388609624,60.22297668457031
2022-09-26,60.038044616458976,61.045492196055406,59.63409125460708,59.8044319152832
2022-09-27,60.597731925750765,61.167157949194205,59.32747158844002,59.88229751586914
2022-09-28,59.48321953601204,60.80701619886053,59.025730000517875,60.51499938964844
2022-09-29,59.648684449800776,59.78495696257252,58.24215160803205,58.93811798095703
2022-09-30,58.699641090534534,59.570816040882434,57.701925786963294,57.80899810791016
2022-10-03,58.26649259834735,59.955306483920474,58.042615777620775,59.60002136230469
2022-10-04,60.80701222084103,61.66845135484667,60.7632082170657,61.60031509399414
2022-10-05,60.76807039303894,62.25247532049523,60.41278531243309,61.804718017578125
2022-10-06,61.644121694225554,62.32062010771818,61.22556823813182,61.29856872558594
2022-10-07,60.04777586813627,60.0526438049813,58.46117006625928,58.77751541137695
2022-10-10,58.77751116652609,58.86025123432478,57.210373512058425,57.78953170776367
2022-10-11,57.45858496528973,57.85767037195497,56.480341338836325,56.90375900268555
2022-10-12,56.947566378482584,57.33691593480918,56.631217311178,56.728553771972656
2022-10-13,55.19548027701067,58.79698106154741,54.98133562228662,58.4903678894043
2022-10-14,58.967327241952574,59.09386389350683,56.75288756883136,56.845359802246094
2022-10-17,58.23729110839754,58.86998548859776,58.08154684024616,58.577972412109375
2022-10-18,60.096449443426614,60.31059039950513,58.32976334860409,59.07439804077149
2022-10-19,58.55850349918581,59.48808259172881,58.31029071698175,58.904052734375
2022-10-20,58.92351788503827,60.21811418266484,58.64610492313936,58.93811798095703
2022-10-21,58.792121008925776,60.64153975943048,58.59257643684072,60.51499938964844
2022-10-24,60.77294973071123,61.57598483859482,60.033179239729456,61.352108001708984
2022-10-25,61.50296931370523,62.568817068654134,61.50296931370523,62.52501678466797
2022-10-26,60.94814642816412,62.422811758595614,60.85080627039568,61.133087158203125
2022-10-27,61.36184506412101,61.73659454084649,60.29599331485084,60.4371337890625
2022-10-28,60.77293874543557,63.196654868652146,60.77293874543557,63.06524658203125
2022-10-31,62.437418222370106,62.60776258755256,61.863127942123825,62.23301315307617
2022-11-01,63.00685381026193,63.11879036541805,61.44457655657996,61.712257385253906
2022-11-02,61.66844642137855,62.46174923106753,59.561079300770714,59.58054733276367
2022-11-03,58.748311531936054,58.85538385692405,57.784668033339344,57.828468322753906
2022-11-04,59.03059473090322,59.19120322461584,57.53645748594286,58.88458633422851
2022-11-07,58.98678030519212,59.965027478526835,58.568226936029895,59.86769104003906
2022-11-08,60.364121580765854,61.172028247461824,59.55135069064231,60.441993713378906
2022-11-09,59.882310746856255,59.906643007873825,58.78239080859792,58.8699951171875
2022-11-10,61.7755247285828,63.77581601054114,61.46404361279892,63.70767974853515
2022-11-11,63.64928631823549,65.01201913362591,63.33780516840023,64.7978744506836
2022-11-14,64.28683464936594,65.04606932180997,63.93641750419258,64.24303436279297
2022-11-15,65.70310635124223,65.97078715867298,64.3695739636841,65.02174377441406
2022-11-16,64.52045675886397,64.71026544382735,63.863422696754746,64.131103515625
2022-11-17,63.10906402866462,64.51073299695962,63.08472805396289,64.21385192871094
2022-11-18,64.93901248546632,64.95848423500408,63.74662403350973,64.28684997558594
2022-11-21,63.92182247501861,64.18463906787647,63.46920462530113,63.595741271972656
2022-11-22,63.873164408042705,64.86114399011389,63.415674862394745,64.82707214355469
2022-11-23,64.68593270239846,65.59604010568859,64.64213240975039,65.4013671875
2022-11-25,64.95847174003175,65.22128089786688,64.83193509756228,65.02174377441406
2022-11-28,64.28683307999431,64.70052224653728,63.37186160219552,63.62980651855469
2022-11-29,63.547073207506294,63.7368818800549,62.74889502661015,63.0068473815918
2022-11-30,62.977650502578584,66.1800699397386,62.91438588513773,66.17034149169922
2022-12-01,66.23360192915567,66.57915489644762,65.44516696254308,66.26280212402344
2022-12-02,65.1531635433006,66.0973429781971,64.90009018493657,65.87833404541016
2022-12-05,65.37216194560126,65.737179208747,64.35497486165077,64.78326416015625
2022-12-06,64.71513064026072,64.81246709595996,62.987380702990954,63.39619827270508
2022-12-07,63.167454125560134,63.56167902832551,62.62236402735954,63.074989318847656
2022-12-08,63.425410708543374,64.29171785474186,63.04578587779157,64.10677337646484
2022-12-09,63.81961962512815,64.60805452426405,63.47406668740969,63.712547302246094
2022-12-12,63.814744893127155,65.10447692871094,63.79528057458655,65.10447692871094
2022-12-13,67.4746726440376,67.81048978961203,65.20669642501632,65.87346649169922
2022-12-14,65.81019568966703,66.57916646879036,64.55453510803251,65.31864166259766
2022-12-15,64.24791526870263,64.4863959346826,62.63697328299463,62.87545394897461
2022-12-16,62.66130340583512,63.03118493111368,61.72686000542401,62.043209075927734
2022-12-19,62.050521416826314,62.14814108642618,60.81077954148029,61.21589279174805
2022-12-20,60.89375095474725,61.620999730684375,60.600899423561295,61.308624267578125
2022-12-21,61.59171423712452,62.61669271011436,61.440404699275305,62.32384490966797
2022-12-22,61.54290365233533,61.61123927557163,59.72234076589977,60.75220489501953
2022-12-23,60.31781887827937,60.87423800505822,59.873657725532965,60.81566619873047
2022-12-27,60.60578477908367,60.71316455543615,59.88341783167375,60.23971939086914
2022-12-28,60.09328575815343,60.65458295032301,59.20008546154633,59.26841735839844
2022-12-29,59.8492489748836,61.025537095578926,59.844367060610814,60.82054138183594
2022-12-30,60.190905156799715,60.77173003730813,59.815079702465006,60.73756408691406
2023-01-03,61.38672879433358,61.79184208575199,59.73211339559192,60.1616325378418
2023-01-04,60.47400544463686,60.703407026797855,59.65401879127938,60.31781768798828
2023-01-05,60.015198845733394,60.17138659344358,59.04390640602977,59.14640426635742
2023-01-06,59.66865820435755,61.152443689588914,58.9658114682454,60.87911605834961
2023-01-09,61.42576811263984,62.709435998091195,61.40624417945536,61.58683776855469
2023-01-10,61.43552756388098,62.065160399933845,61.108506361102904,61.9675407409668
2023-01-11,62.162792774362735,63.041351318359375,61.9724390437985,63.041351318359375
2023-01-12,63.13894799257508,63.7978685612003,62.36776947550299,63.509891510009766
2023-01-13,62.909552122564264,63.78322483934803,62.763124488838926,63.69049453735352
2023-01-17,63.60264062647233,64.3542990707933,63.52454488853414,63.97846984863281
2023-01-18,64.33965837055015,64.68131792151314,63.114554730327654,63.153602600097656
2023-01-19,62.66063131610064,63.01205466336413,62.18718618013786,62.41658401489258
2023-01-20,62.72896010309864,64.15417363057858,62.50443674609534,64.10536193847656
2023-01-23,64.36406044166968,65.94058755207513,64.21764023120978,65.56475830078125
2023-01-24,65.19382469110327,65.78440615755943,65.09620127232466,65.53548431396484
2023-01-25,64.42750754483828,65.56475156415466,63.827162400776594,65.3988037109375
2023-01-26,66.03817757614465,66.47257474104184,65.35485125597593,66.44329071044922
2023-01-27,66.02354324237345,67.19007109827464,65.99425920837376,66.72150421142578
2023-01-30,65.955223791585,66.24319344373988,65.3939190594183,65.4476089477539
2023-01-31,65.44761573672164,66.38962797566812,65.40368967287766,66.36034393310547
2023-02-01,66.31152903094069,68.46399542688327,65.99427532165892,67.9222183227539
2023-02-02,69.08384911348283,70.16740313805285,68.76659545798326,69.77693939208984
2023-02-03,68.57624841527411,70.32847959447064,68.47374683108171,69.19612121582031
2023-02-06,68.42981081232539,68.9667096082916,68.09302951736642,68.35171508789062
2023-02-07,68.45422458740197,70.32359931476866,68.424940549251,70.06002807617188
2023-02-08,70.19669714014778,70.57251888150061,69.07409521118466,69.21563720703125
2023-02-09,70.28456543665152,70.40170906018933,68.56161800474325,68.83494567871094
2023-02-10,68.32245319156792,68.75197236751742,67.86853561049269,68.51769256591797
2023-02-13,68.7861214571434,69.85503355360943,68.74219539916733,69.70372772216797
2023-02-14,69.37671382790182,70.39681428138304,68.94231652082583,70.00146484375
2023-02-15,69.57682501493635,70.33336159014509,69.41087717066625,70.32847595214844
2023-02-16,69.3083709854749,70.09419154596142,69.05456359794141,69.1082534790039
2023-02-17,68.61530550090377,68.69340124719699,67.64889484529112,68.2443618774414
2023-02-21,67.33162630244325,67.73673956344525,66.56533328768535,66.6239013671875
2023-02-22,66.7605630222004,67.06317468665318,66.20902213268684,66.52628326416016
2023-02-23,67.76601254984284,67.88315613735926,66.67758038011894,67.62934875488281
2023-02-24,66.4286756168509,66.71175965905041,66.03820433959547,66.42378997802734
2023-02-27,67.0924658236645,67.43412535394786,66.65806853924296,66.78009033203125
2023-02-28,66.56533508172018,67.27793822693367,66.44819147193921,66.6336669921875
2023-03-01,66.66294769433975,66.77032746935663,65.94058075591474,66.14557647705078
2023-03-02,65.96498364796228,67.17055965604501,65.8527256746631,66.96068572998047
2023-03-03,67.39021404956922,68.40542903392175,67.32676032018938,68.40055084228516
2023-03-06,68.83980464500472,69.65979488552644,68.67385681038645,68.72754669189453
2023-03-07,68.67386817390486,68.93743943496459,67.70257940356396,67.87340545654297
2023-03-08,68.11256831133952,68.51768156952613,67.71233324387103,68.43470764160156
2023-03-09,68.54208382918848,69.3132625203706,67.32186579522057,67.45365142822266
2023-03-10,67.3560178708882,67.52685133004267,66.00401455727722,66.26758575439453
2023-03-13,65.85271220091165,67.55125326388344,65.44272081461126,66.62876892089844
2023-03-14,67.487811305789,68.40541006967509,67.20959805959576,68.16625213623047
2023-03-15,67.41948632847914,68.28828093590224,67.09246880299915,68.20530700683594
2023-03-16,67.96613290557883,70.21621487454081,67.74160954865133,70.11859893798828
2023-03-17,70.25526821988335,70.86049154229863,69.61098958265775,70.02098846435547
2023-03-20,69.89673564677769,70.29785423740098,69.37333335927717,70.20980072021484
2023-03-21,70.59134436696046,70.90440942186751,69.85759744476647,70.77722930908203
2023-03-22,70.77722843101226,72.18602489264615,70.03369613580998,70.07283020019531
2023-03-23,70.9680031420559,72.1762403365651,70.54243231609166,71.21258544921875
2023-03-24,70.98757166800613,71.43271329118474,70.51797778355898,71.39847564697266
2023-03-27,71.50607849379527,71.75066079669767,70.6793965797952,70.84571075439453
2023-03-28,70.72342910167913,70.74788882806641,69.87717630991483,70.5130844116211
2023-03-29,71.39848656654884,72.15179695908722,71.2957586900811,71.99037170410156
2023-03-30,72.65563263030158,72.92956366932025,72.3376785594537,72.82684326171875
2023-03-31,72.73876734688265,73.93721900576729,72.64582488780783,73.86873626708984
2023-04-03,73.4187221814202,73.85407843116737,73.06652302835951,73.75135803222656
2023-04-04,73.85896120603266,74.11332140863621,73.07140594876081,73.3453369140625
2023-04-05,72.99804531000042,73.06652806870524,71.98547827314637,72.50888061523438
2023-04-06,71.9805817646769,73.01271956798371,71.66751665895667,72.91978454589844
2023-04-10,72.19581074602613,72.8953200947031,71.79958856365614,72.88064575195312
2023-04-11,72.75345580928588,72.76324119215612,72.07351724897704,72.19580841064453
2023-04-12,72.68498872062175,72.88065909989197,71.66752514060192,71.78492736816406
2023-04-13,72.06373330536587,73.23283641460321,71.9463311129187,73.12032318115234
2023-04-14,72.70943599155106,73.31110644357348,72.07841685368273,72.71432495117188
2023-04-17,72.80727447135426,73.13991035924131,72.4110522460071,72.97848510742188
2023-04-18,73.53611940983488,73.7317822753761,72.88552955902352,73.20348358154297
2023-04-19,72.54312580909634,73.13012195067081,72.44529436284408,72.99315643310547
2023-04-20,72.32299714047055,73.23284369623968,72.19092059384238,72.5137710571289
2023-04-21,72.19581171298475,72.41104536161426,71.80937490862578,72.27896881103516
2023-04-24,71.9903624794436,72.34256163354401,71.42292967960847,71.96101379394531
2023-04-25,71.60880334063282,71.7457688273866,70.40056621786555,70.4250259399414
2023-04-26,71.66262909947454,72.21049117917578,71.30064453163708,71.47185516357422
2023-04-27,71.80937730804675,73.04207440516626,71.63327772274395,72.98826599121094
2023-04-28,72.98826393349702,73.79538265601141,72.90999579466663,73.78070831298828
2023-05-01,73.7220019014722,74.18181036658514,73.60459970762189,73.82472229003906
2023-05-02,73.91277958116565,73.9959366737064,72.75345431678001,73.13500213623047
2023-05-03,73.22305210652442,73.69754237820933,72.48440876397387,72.5186538696289
2023-05-04,72.23006104044649,72.66052089878173,71.87296543706742,72.17135620117188
2023-05-05,72.87086390868755,74.23074113935449,72.76813604038705,73.98126983642578
2023-05-08,73.83939556194713,74.0057097361152,73.48719644955621,73.94212341308594
2023-05-09,73.53612004851922,73.67308554839964,73.29642669169853,73.37469482421875
2023-05-10,74.01550684814606,74.44107773303826,73.55080189300185,74.2698745727539
2023-05-11,74.1475776494688,74.1475776494688,73.42361606612685,73.9372329711914
2023-05-12,74.06442791735348,74.17204474687856,73.26708707970701,73.83940887451172
2023-05-15,73.91277485298784,74.46552578146523,73.64862178622916,74.45085144042969
2023-05-16,74.34814048987026,74.93513659797513,74.32368076368662,74.52912902832031
2023-05-17,74.84218672215533,75.64930535804487,74.49487655840872,75.52212524414062
2023-05-18,75.61506685326647,77.18039212371146,75.61506685326647,77.06788635253906
2023-05-19,77.08745403899373,77.21953058209509,76.76950000774018,77.03364562988281
2023-05-22,76.80374575954538,77.38096397858709,76.67656562642948,77.18040466308594
2023-05-23,76.79395180506013,77.1119058034908,76.01128547407176,76.04063415527344
2023-05-24,75.43897867849849,75.78628142663491,75.07210516299446,75.48300170898438
2023-05-25,77.48856948500399,78.68702131489509,77.0825619534623,78.37884521484375
2023-05-26,78.5794118000517,80.74641515594519,78.56962641677579,80.60455322265625
2023-05-30,81.7883215086469,82.1992179907249,80.8638006919416,81.0350112915039
2023-05-31,80.57030712942343,81.32850631244753,80.3159394393439,80.3599624633789
2023-06-01,80.10560047462936,81.51928601593802,79.84634380700273,81.17687225341797
2023-06-02,81.65624538620882,82.0182298874261,81.06436038347611,81.64157104492188
2023-06-05,81.59266370181089,82.13563675248355,81.03011988560297,81.17198181152344
2023-06-06,80.97632045490279,81.32851963298782,80.57032032578066,81.15242004394531
2023-06-07,80.99587497117976,81.62689401793568,79.77296347710602,79.93927764892578
2023-06-08,80.05668582350773,80.93228723452798,79.9979809918437,80.80510711669922
2023-06-09,81.1964369866255,82.03780072005517,80.93228391512147,81.20621490478516
2023-06-12,81.76387714903652,83.00635967495938,81.59756294133378,82.97211456298828
2023-06-13,83.71074892511615,83.8721741552689,82.80090237774812,83.47594451904297
2023-06-14,83.37812503884143,84.3662398632693,83.08951964538966,84.3368911743164
2023-06-15,83.99446873421036,85.8043765196295,83.97489796754478,85.4228286743164
2023-06-16,86.23482778325051,86.23972420646055,84.6352648461221,84.71842193603516
2023-06-20,84.23411212045148,84.75371148672721,83.69490847682492,84.14588165283203
2023-06-21,83.8223684994056,83.98413186249417,82.65571559696411,82.90081024169922
2023-06-22,82.52826576954152,83.61158734695478,82.51356068982189,83.5772705078125
2023-06-23,82.54785523139337,83.16059170870388,82.32237239637136,82.67040252685547
2023-06-26,82.74395110912901,83.46942914175479,82.01847307650326,82.0772933959961
2023-06-27,82.40573066600915,83.88610457465863,82.32729857608297,83.69493103027344
2023-06-28,83.22921922743897,84.19489252951581,83.16549971897003,83.7439193725586
2023-06-29,83.83217089215034,84.04294868760074,83.38609686216203,83.8909912109375
2023-06-30,84.72431664928764,85.43999631693788,84.66059712660636,85.22431182861328
2023-07-03,85.20960078730675,85.2488168260493,84.61156928594846,85.04293823242188
2023-07-05,84.44981404211492,85.15078864746026,84.37628863721993,84.51844024658203
2023-07-06,83.68509335656472,84.37135518346369,83.43019290099099,84.29293060302734
2023-07-07,84.15568265283638,84.93998840560018,83.87627868371155,83.92530059814453
2023-07-10,83.62137560744827,84.1507808522463,83.30275561256411,84.14588165283203
2023-07-11,84.32236367821292,84.4204000401787,83.50374846227143,84.32726287841797
2023-07-12,85.17038539362511,85.68508562143919,84.70470708453414,85.28312683105469
2023-07-13,85.86644587328736,86.58212543474973,85.69488413189902,86.3958511352539
2023-07-14,86.61153305201907,87.28799655797945,86.0184008145229,86.26840209960938
2023-07-17,86.43016784566764,87.62622327315579,86.33212401679513,87.37133026123047
2023-07-18,87.17034742047484,88.78797329658344,86.71446756934988,88.36150360107422
2023-07-19,88.58211266784267,88.94975464688412,87.8027059877064,88.14093780517578
2023-07-20,87.57721224570857,87.94975337895863,86.11154371149148,86.38114929199219
2023-07-21,86.93016094449341,87.36642908355002,86.23409309789152,86.3370361328125
2023-07-24,86.71938797480135,86.93016577653955,86.15566581072741,86.48899841308594
2023-07-25,86.76839139805662,87.76838159846491,86.75368631978832,87.47917175292969
2023-07-26,86.56252647558071,86.77331176349549,85.69489680212914,86.30272674560547
2023-07-27,87.46938117362185,87.73408010844426,85.6605814333005,86.052734375
2023-07-28,86.85172507599798,87.48407337784187,86.67035745253142,87.22427368164062
2023-07-31,87.30271512924968,87.533104692839,86.92526728341473,87.42526245117188
2023-08-01,87.14094992351791,87.75858572025118,86.91056036480185,87.57231140136719
2023-08-02,86.80271250784422,86.85663362404763,85.09685602748176,85.40567016601562
2023-08-03,84.70959482171821,85.5576200470727,84.6556737102972,85.05763244628906
2023-08-04,84.76843229029416,85.27823335231597,83.76844940662853,83.90080261230469
2023-08-07,84.25372598699134,84.54293583324343,83.52824055205176,84.13607788085938
2023-08-08,83.5478645112625,83.59687895287196,82.65081720519431,83.48904418945312
2023-08-09,83.60177777623589,83.60177777623589,82.12630335215327,82.41061401367188
2023-08-10,83.03805352989343,83.75863230469756,82.0135598224787,82.42041778564453
2023-08-11,81.76356948550331,82.29297478012138,81.52828073668232,81.81258392333984
2023-08-14,81.72925666338098,83.1262991050246,81.53318394301111,83.11649322509766
2023-08-15,82.87139498654302,83.16551153402226,82.10670093873046,82.2978744506836
2023-08-16,82.12141009733034,82.59199510073344,81.5086734927244,81.5135726928711
2023-08-17,81.876286667702,82.0282440954647,80.61650454101422,80.73905181884766
2023-08-18,79.92044814559267,81.19004392597061,79.87143371079091,80.86161804199219
2023-08-21,81.27828668515986,82.57238613875082,81.19985460198583,82.40572357177734
2023-08-22,83.14590421274826,83.19492613317607,82.13121628120778,82.31258392333984
2023-08-23,82.51355059672099,84.04293853804565,82.50865139731194,83.79784393310547
2023-08-24,84.85176686628932,84.85666606637069,81.80278896404985,81.86650848388672
2023-08-25,82.19493489117008,83.15570917116466,81.46455765087681,82.69983673095703
2023-08-28,83.32728255444343,83.55276544585651,82.73415020500516,83.37629699707031
2023-08-29,83.13610118847362,85.13116758004749,83.04786323255024,85.04783630371094
2023-08-30,85.06254550008441,85.77822514281125,84.76842893903067,85.68998718261719
2023-08-31,85.88606762458954,86.43507722842493,85.79293046400429,86.10665130615234
2023-09-01,86.64585030697407,86.75859922137606,85.9301781809418,86.37134552001953
2023-09-05,86.15564688447293,86.9497584358157,85.87624294358238,86.6801528930664
2023-09-06,86.3419313634873,86.55761582316318,85.23410638751791,85.76351165771484
2023-09-07,84.17040130185674,84.70960500116873,83.86157967390805,84.52333068847656
2023-09-08,84.51843856511596,85.24391663786294,84.47922252338704,84.6998062133789
2023-09-11,85.44490622090528,85.52333831370215,84.39590128875938,85.1409912109375
2023-09-12,84.43020582678152,84.72922159224774,83.44492056892489,83.59687805175781
2023-09-13,83.56254549921606,84.25861319882071,83.32725680012123,83.8076400756836
2023-09-14,84.32235966883965,84.62627462039147,83.7929543637627,84.41549682617188
2023-09-15,84.11156364556706,84.13607460168433,82.57236984554287,82.79295349121094
2023-09-18,82.55226348951459,83.46596332699158,82.52770017485211,83.19087219238281
2023-09-19,82.83717085327125,83.35788007655746,82.38523440484036,83.14664459228516
2023-09-20,83.37262836086704,83.48070095031257,81.8055833095783,81.83997344970703
2023-09-21,80.98030498576146,81.55505054260712,80.55292431861659,80.59222412109375
2023-09-22,80.94592283131568,81.50593195442427,80.58240524430175,80.76416778564453
2023-09-25,80.55784027763565,81.14732231466243,80.35152193945981,81.0245132446289
2023-09-26,80.49398043579842,80.53818990384723,79.29045299966393,79.56554412841797
2023-09-27,79.94870148148148,80.10590068293065,78.89745618271924,79.68834686279297
2023-09-28,79.3100926613364,80.76415528872836,78.93675580225558,80.25326538085938
2023-09-29,81.0441580441327,81.79574894053111,80.25326734649947,80.52835845947266
2023-10-02,80.56765589617345,81.62872801136122,80.44484683179535,81.39293670654297
2023-10-03,80.93116731700134,81.48626664470954,79.59991386152224,80.01255798339844
2023-10-04,80.07642740657208,81.22592605736922,80.07642740657208,81.00978088378906
2023-10-05,81.00486913210328,81.25048730108561,80.14520554066513,81.11785888671875
2023-10-06,80.56274743828862,82.98945578604193,80.32695612993993,82.6357650756836
2023-10-09,82.1297949344774,83.1908670992974,81.75154089971207,83.06314086914062
2023-10-10,83.12209940873062,83.85895387457751,82.89121774311155,83.19087219238281
2023-10-11,83.44631278233594,84.00141223254602,83.18104846285495,83.96211242675781
2023-10-12,84.03579315551606,84.90036630100613,83.40209416324066,84.04070281982422
2023-10-13,84.20773484939173,84.35019758953696,82.54735357531767,82.83718872070312
2023-10-16,82.97474064019327,84.01124972549763,82.96000414811043,83.63299560546875
2023-10-17,82.58173915474781,83.67719406414773,81.98733990153693,83.24491119384766
2023-10-18,82.66033343885927,83.33332476423514,82.05119773476198,82.39015197753906
2023-10-19,82.71928912562883,83.2743886027566,81.77611622799041,81.91857147216797
2023-10-20,81.87926982721308,81.93822328526707,80.44977776974106,80.53328704833984
2023-10-23,80.03222577548124,81.44698887151762,79.58519889504309,80.62662506103516
2023-10-24,80.94592556852403,81.30452600707521,80.30731681111419,81.18171691894531
2023-10-25,81.5697986056359,81.66804437793361,79.98310727079561,80.22380828857422
2023-10-26,80.36625669937469,80.71994741311633,78.3521849958831,78.6911392211914
2023-10-27,79.17256594248404,79.94872031724115,78.79922899459054,79.14800262451172
2023-10-30,79.56555050399702,80.28275136205056,79.32484199921373,79.99784088134766
2023-10-31,80.03711382358586,80.63642261236507,79.41324922031279,80.5676498413086
2023-11-01,80.71011503829338,82.23294287181885,80.71011503829338,82.12487030029297
2023-11-02,82.86665527417429,83.58877325772778,82.75367302037931,83.51508331298828
2023-11-03,83.4315829324059,84.71371015256291,83.24982787488223,84.374755859375
2023-11-06,84.4877456138371,84.95932832944625,84.22247377759385,84.92985534667969
2023-11-07,85.15579695118467,86.10878886808256,85.02807074393165,85.85826110839844
2023-11-08,86.15301502711337,86.48705207571565,85.76002453206873,86.34459686279297
2023-11-09,86.47232381415633,87.10602282792142,85.82880547144191,85.94178771972656
2023-11-10,86.46249296008811,88.24568301417945,86.36424720547696,88.18673706054688
2023-11-13,87.81831660493992,87.8919990526407,87.30251698402094,87.67094421386719
2023-11-14,89.01202300377942,89.65063174272494,88.73693185362976,89.4246597290039
2023-11-15,89.82256138906608,89.96010695484539,89.19377951816892,89.53764343261719
2023-11-16,89.36081534451506,90.08293345234304,89.19870643299524,89.98468017578125
2023-11-17,89.78326003175123,90.14186042949484,89.4099156490917,89.7979965209961
2023-11-20,89.91098618530496,91.33556856471417,89.9011593597743,91.09977722167967
2023-11-21,90.68712513621684,90.82958035175902,90.03378001902122,90.36290740966795
2023-11-22,90.9327427084824,91.54187835807024,90.5201060566666,90.7657241821289
2023-11-24,90.6134457589494,90.69203786552356,90.2450185560564,90.58888244628906
2023-11-27,90.46116004338762,91.1095955458168,90.29905866345128,90.58396911621094
2023-11-28,90.27942052607568,90.99662893269014,90.27942052607568,90.75592041015624
2023-11-29,91.41908339646449,91.8120664612844,90.77064784730295,90.8246841430664
2023-11-30,91.2029316833598,91.32574075624088,90.19589578660084,90.95731353759766
2023-12-01,90.72151048537788,91.32573649262709,90.28431050615912,91.16362762451172
2023-12-04,90.25484509899532,90.25484509899532,89.07097128911069,90.0534439086914
2023-12-05,89.57200830616044,90.69694341928184,89.57200830616044,90.59378051757812
2023-12-06,91.1587070397772,91.29133541952542,89.75868084374413,89.82745361328125
2023-12-07,90.25485010251154,91.07030422093148,90.0632682308993,90.91802215576172
2023-12-08,90.72151483548934,91.76785053637374,90.60853258708376,91.69416809082033
2023-12-11,91.42398158700284,92.51452669505224,91.21274609528562,92.494873046875
2023-12-12,92.15594029280652,93.1384129718528,92.07734067952164,93.1089324951172
2023-12-13,93.32999708203302,94.15527055429544,93.10893472741029,93.92930603027344
2023-12-14,94.00296647265878,94.35665716242757,93.00575751268212,93.69840240478516
2023-12-15,93.6001546729588,94.71035342953812,93.6001546729588,94.16999053955078
2023-12-18,94.15129881779036,94.66330841744856,93.75251322573295,94.4516143798828
2023-12-19,94.43190086495588,94.82083788359978,94.37774536282348,94.8109893798828
2023-12-20,94.7026915303168,95.03746558112287,93.36358030267591,93.37834930419922
2023-12-21,94.3285318086317,94.6386883555824,93.63435868204154,94.42699432373048
2023-12-22,94.69776159964114,94.82576210416056,94.08236155678463,94.55006408691406
2023-12-26,94.60914241230562,95.14084896386616,94.60914241230562,94.94392395019533
2023-12-27,94.99316613408062,95.13594317644284,94.5353120260152,94.9390106201172
2023-12-28,95.27378099095164,95.37224350141572,95.00792394926982,95.05223846435548
2023-12-29,95.10147423177388,95.29347877314486,94.28914905956027,94.76177215576172
2024-01-02,93.47190861050426,93.61960616526372,91.69463248046168,92.2804946899414
2024-01-03,91.43861144482042,91.94078005779144,91.17768238887273,91.34014892578124
2024-01-04,90.77889664779526,91.40906573114968,90.58197162632504,90.67058563232422
2024-01-05,90.77398887785029,91.42877555874016,90.30135824296865,90.64598083496094
2024-01-08,91.1038317926812,92.98449058132734,91.0102897760554,92.92049407958984
2024-01-09,92.20662376558089,93.3340409469088,92.00969873998532,93.06818389892578
2024-01-10,93.11250343756667,94.06267763001968,92.91557088914035,93.86082458496094
2024-01-11,94.32359464723964,94.79622519094372,93.01402153809627,94.33836364746094
2024-01-12,94.49099018624824,94.86023024952172,94.17098513629452,94.64361572265624
2024-01-16,94.52544992129118,95.27869899937484,93.97897436344542,94.87992095947266
2024-01-17,94.1759123790986,94.52546296940946,93.38820469501216,94.4122314453125
2024-01-18,95.67256778402884,96.41596844500536,95.3131762074994,96.32735443115234
2024-01-19,96.9575148959486,98.56740361345928,96.7458133614476,98.5477066040039
2024-01-22,99.03017690044936,99.58650097123645,98.60678134906078,98.98094940185548
2024-01-23,99.07448657733026,99.44372660369034,98.49847303767346,99.37972259521484
2024-01-24,100.0640640258789,101.06839376165236,99.7785174558529,100.0640640258789
2024-01-25,100.98469741363073,101.49178652020116,100.0197542158148,100.48253631591795
2024-01-26,99.7785103572902,100.22160293948012,99.0991062385906,99.32557678222656
2024-01-29,99.44865117854656,100.25605576881476,99.25172616129396,100.23636627197266
2024-01-30,100.20191457241252,100.35453260941036,99.10404279563323,99.4092788696289
2024-01-31,98.46400923308065,98.867715276796,97.27259562282528,97.3218231201172
2024-02-01,97.71076399514364,98.68555562135934,97.64675998272575,98.5477066040039
2024-02-02,97.8781639132446,99.88191044963588,97.84862590737694,99.56682586669922
2024-02-05,99.97052473245544,100.07883576239684,98.85788393930432,99.79328918457033
2024-02-06,99.90158375441143,100.07389877698408,98.6954011330264,99.33541870117188
2024-02-07,100.03450992440658,100.67452747753558,99.6357318947776,100.64990997314452
2024-02-08,100.822234554356,101.23578916642384,100.69915452376402,100.96501159667967
2024-02-09,101.3883940272388,102.45672765248489,101.27023450882984,102.32379913330078
2024-02-12,102.31889040026492,102.63397497337152,101.3982541891366,101.5459442138672
2024-02-13,99.34527905711236,100.49238589992537,99.04496346725824,99.82283020019533
2024-02-14,100.5662234563235,100.94530450389892,99.8572813489598,100.86653900146484
2024-02-15,100.99946111457186,101.09793114005323,100.09359397292567,100.65483856201172
2024-02-16,100.92562043015968,101.12747347395006,99.59635766352125,99.72928619384766
2024-02-20,99.14341909351106,99.49789014843805,97.72553487380316,98.71509552001952
2024-02-21,97.75999830261696,98.0947723388672,97.0215182097271,98.0947723388672
2024-02-22,100.63021915557648,101.58040079563156,100.39882812203908,101.30470275878906
2024-02-23,102.10717789490894,102.23518591889344,100.74837722763831,101.0683822631836
2024-02-26,101.51147740826008,101.76255794197182,101.06346433733586,101.16685485839844
2024-02-27,101.44256195427464,101.44256195427464,100.50222872468596,101.25547790527344
2024-02-28,100.92070826089795,101.05362928998362,100.41361911738376,100.7779312133789
2024-02-29,101.31454379911872,102.14164542224394,100.74837872406528,101.90040588378906
2024-03-01,102.16133519699446,103.9090729509417,102.11210769723466,103.7613754272461
2024-03-04,103.61368541575858,104.35708601834212,103.382294381484,103.7613754272461
2024-03-05,102.73735417429266,102.78658918884643,100.55637975175485,101.21116638183594
2024-03-06,102.26965767294648,102.78167481083544,101.32933194154334,102.01365661621094
2024-03-07,102.88506256266088,103.93862738029584,102.373052913431,103.62354278564452
2024-03-08,103.81062149471391,104.54418118279212,102.01857654647335,102.08258056640624
2024-03-11,101.61486450753254,102.02841909622198,101.06838890210824,101.80194854736328
2024-03-12,102.78166881913512,103.89923003124204,101.80686961766828,103.88938903808594
2024-03-13,103.57430376242428,103.63337976978777,102.3385755188761,102.76689910888672
2024-03-14,103.20013766005476,103.56445724092792,102.16134194150058,102.78659057617188
2024-03-15,101.30961617955032,101.77239821430408,100.82221664061036,101.23577117919922
2024-03-18,102.1229168124558,102.778784641685,101.6544419414672,101.73334503173828
2024-03-19,101.23528390569376,102.2757949769392,100.72735744919424,102.26100158691406
2024-03-20,102.3399058317982,103.4395904754837,101.97992079612436,103.4050750732422
2024-03-21,104.50968066271774,104.50968066271774,103.39027408920052,103.47903442382812
2024-03-22,103.48397065584828,103.8932644542326,103.11412087870028,103.51355743408205
2024-03-25,102.53223449715814,103.26700553396344,102.23635914832488,102.82811737060548
2024-03-26,103.19796681548698,103.36563026499569,102.32019049204251,102.40402221679688
2024-03-27,103.05002583029167,103.1042707729718,102.13772657374848,102.92674255371094
2024-03-28,102.68509681844316,103.00070168151863,102.49771136901973,102.70482635498048
2024-04-01,102.9218063977154,103.5924676742074,102.61605877743804,102.9908447265625
2024-04-02,101.84677899011572,102.1475904834267,101.17118904801325,101.99964904785156
2024-04-03,101.48679419485993,102.79853005594336,101.46213603476464,102.2708740234375
2024-04-04,103.24726615862215,103.60725870942652,100.59914403957433,100.65338897705078
2024-04-05,101.09229335427064,102.32512620005444,100.81120385361696,101.80733489990234
2024-04-08,101.87143694209448,102.20676383907356,101.31419412989898,101.68898010253906
2024-04-09,102.21167751088676,102.4237210859485,100.92460009886628,102.20181274414062
2024-04-10,101.03804776706912,101.32406588843016,100.51532784771136,100.94928741455078
2024-04-11,101.39801944800016,103.13384996133436,100.90982252444088,102.9661865234375
2024-04-12,101.73827316197206,102.2166127980884,100.92460668074185,101.29938507080078
2024-04-15,101.92075141049745,101.98486112509408,99.22332011961429,99.37619018554688
2024-04-16,99.59316236200505,100.11094608782663,99.1000292710406,99.4945297241211
2024-04-17,99.85944965612669,100.02711309902476,97.9855424292618,98.05951690673828
2024-04-18,98.0299137997465,98.28141646612713,96.83653274481688,96.94009399414062
2024-04-19,96.57024211434909,96.8858469523897,94.70126371790136,94.94290161132812
2024-04-22,95.67274490181306,96.36806434150748,94.72100168156427,95.79109954833984
2024-04-23,96.19054505961296,97.35433952230152,96.04753976582704,97.21133422851562
2024-04-24,97.93129706008952,98.33566979960496,97.1176304837076,97.65514373779295
2024-04-25,96.437104274909,97.62555680797942,96.00808090161031,97.44309997558594
2024-04-26,98.21238737930766,99.26275573752184,97.82774417354804,98.54278564453124
2024-04-29,99.05070488462768,99.19864630479026,98.38990840246316,98.96687316894533
2024-04-30,98.62662349601574,99.02606011723633,96.7576522915965,96.78723907470705
2024-05-01,96.26943153143952,97.88690728152795,95.77629849727565,95.7960205078125
2024-05-02,97.01900491598832,97.3099516274248,95.79602945926236,97.1768035888672
2024-05-03,99.80519877291133,100.21942873350484,99.45014237108454,99.88410186767578
2024-05-06,100.26381751250992,101.05775451660156,100.11093994301898,101.05775451660156
2024-05-07,101.3536370490678,101.40295336483004,100.71749871356946,100.72735595703124
2024-05-08,100.36737880376047,101.12187184150427,100.34272064394511,101.0133819580078
2024-05-09,100.85063188404683,101.06268299685992,100.48078211657985,100.98377990722656
2024-05-10,101.5114514950243,101.96513304340104,101.03804040889288,101.35857391357422
2024-05-13,102.10321015104309,102.18704187532845,101.51638055643168,101.8369140625
2024-05-14,101.80239191507508,102.88235453955862,101.74321835470232,102.73934173583984
2024-05-15,103.38535457464567,105.08666984149416,103.31138761722364,105.0521469116211
2024-05-16,105.11624094590626,105.4417105592463,104.64282991517408,104.6872100830078
2024-05-17,104.9288478414213,104.9929575446149,103.8834082025826,104.4554443359375
2024-05-20,104.55900678427884,105.88060735696166,104.46531029475187,105.683349609375
2024-05-21,105.27898459770364,106.02854146613588,105.09159161828872,105.85594940185548
2024-05-22,106.15676870997446,106.4822308500405,105.46637782811196,106.09265899658205
2024-05-23,107.3057690215812,107.31562626617624,104.89434838599688,105.22967529296876
2024-05-24,105.49594948387832,106.34413892950928,105.14582923312685,106.11730194091795
2024-05-28,106.71893298001496,106.8027647017071,105.9003302510957,106.5660629272461
2024-05-29,105.44171939598866,106.3983912561255,105.44171939598866,105.89046478271484
2024-05-30,104.71186704631825,104.86967322963436,103.15356484682992,103.47410583496094
2024-05-31,103.7798613699997,103.7995909081599,101.3536473746658,103.63685607910156
2024-06-03,104.43078557280724,104.52448205397307,102.65550362601488,103.89820098876952
2024-06-04,103.84396390228814,104.28285203833184,103.31137927799688,104.1151885986328
2024-06-05,104.93871459699432,106.427978515625,104.77105116581828,106.427978515625
2024-06-06,106.48715936699286,106.56112631975022,105.79183991261884,106.07292938232422
2024-06-07,106.18634049507963,106.773170028162,105.79676117203245,106.31948852539062
2024-06-10,105.9594961688172,106.87672394386816,105.89045784272147,106.59070587158205
2024-06-11,106.31948321718502,108.60268400657068,106.27016690483184,108.5730972290039
2024-06-12,109.65306976475242,112.09407695674304,109.45088340011094,110.97466278076172
2024-06-13,112.00531755884026,112.315986278871,111.17192145944516,111.85244750976562
2024-06-14,111.6946416496784,112.33571615303194,111.62067469816644,112.2716064453125
2024-06-17,112.54775380760574,114.37234458627265,112.16311063087214,113.97290802001952
2024-06-18,114.08634949624928,114.49071473892364,113.6622547151337,114.11593627929688
2024-06-20,114.62877473364613,114.69781305891844,112.4540562006489,112.83377075195312
2024-06-21,112.85842875061915,113.30224548037312,112.1236578061998,112.6365203857422
2024-06-24,111.4657510655664,111.96963132893944,109.84543760865527,109.87507629394533
2024-06-25,110.68029282950884,111.94986422204106,110.05785030360892,111.89058685302734
2024-06-26,111.72263286560693,112.29072777104636,110.89271198372664,111.76215362548828
2024-06-27,111.54478966892697,112.36976571846138,111.41140805079446,111.81649017333984
2024-06-28,112.20675760538052,113.81225185208918,111.6040791620524,111.75721740722656
2024-07-01,111.92517647310416,112.78967332836378,110.29991816404006,112.6019515991211
2024-07-02,111.6238357665032,113.174989801566,111.6238357665032,113.16510772705078
2024-07-03,113.00208593306836,114.74589894028904,112.90822507094254,114.69155883789062
2024-07-05,114.81999215436284,115.55111488031676,114.34575812771516,115.04229736328124
2024-07-08,115.41280971136864,116.1636815991053,115.21520589526833,115.82776641845705
2024-07-09,116.42055152478684,116.69718930274144,115.0719385883512,115.73389434814452
2024-07-10,116.52923682096272,117.49747662392966,115.87716310697634,117.41349029541016
2024-07-11,117.59132473139763,117.64072756506135,114.1432195080279,114.47419738769533
2024-07-12,114.79035905150836,116.72189381803402,114.39022171650116,115.4967803955078
2024-07-15,116.08465016796504,116.84540414772076,115.04725083957406,115.70426940917967
2024-07-16,115.9759577092379,116.03523508020946,114.49396313243528,115.31893920898438
2024-07-17,112.68098326038012,112.79460072654112,110.77908733011115,110.83342742919922
2024-07-18,112.0486564768304,112.06841308486574,109.44528429056491,110.84329986572266
2024-07-19,110.2554543894011,110.93222948015108,108.86732071734204,109.109375
2024-07-22,110.55185101963148,111.82142997914788,110.08255424925758,111.6929931640625
2024-07-23,111.22863358691338,112.25120591427492,111.10018923410053,111.2483901977539
2024-07-24,109.79603624817854,110.14184101537433,106.3874517134241,106.6443328857422
2024-07-25,106.5306986112212,108.1213732658894,103.96685453055366,105.50318908691406
2024-07-26,106.92591299679523,107.6916117438211,105.93791655877853,106.84193420410156
2024-07-29,107.69160253562912,108.15596202784216,106.05646977657416,106.36769104003906
2024-07-30,106.76288439285264,106.8666273274301,102.8998225397289,103.69515991210938
2024-07-31,106.89626223913018,108.47705485389312,106.14538292043764,108.08679962158205
2024-08-01,107.79040361604066,109.0402184344762,102.94921984353138,104.05577850341795
2024-08-02,101.28938500955344,102.1242431521588,99.41713519628398,101.13130950927734
2024-08-05,94.8031932523718,99.64931422890058,94.23015355014743,97.76223754882812
2024-08-06,99.01203820473155,101.09671084533862,97.95982734938998,99.09107971191406
2024-08-07,101.49192905056366,101.98592725235548,97.35222924526208,97.48560333251952
2024-08-08,99.24918613995222,101.37831730394852,97.81164948242288,101.12638092041016
2024-08-09,101.06707877199202,102.16375525795355,100.45452589581376,101.58084106445312
2024-08-12,101.89700419423586,103.20115905586304,101.42276263645606,102.41075897216795
2024-08-13,103.68033861390722,105.59210912491042,103.55189426515672,105.55752563476562
2024-08-14,106.20961001845828,106.67396951947296,104.7078588492541,106.13551330566406
2024-08-15,107.50882475500494,109.29709572838128,107.2766450107715,109.18841552734376
2024-08-16,108.61045421190478,109.58363135547155,108.31405225042091,109.37120819091795
2024-08-19,109.1143219823295,111.17923078632448,108.66971909123642,111.1742935180664
2024-08-20,110.8828251278479,111.54971808999072,110.13194584915428,110.78401947021484
2024-08-21,110.85318208288614,111.821421775603,110.50244761680868,111.43610382080078
2024-08-22,112.0585478727568,112.32036631104434,108.64501856279328,108.87226104736328
2024-08-23,109.95412143425123,111.11995750020864,109.22300620103492,110.6358413696289
2024-08-26,110.53703149105245,110.9519956964265,108.68948309785335,109.24769592285156
2024-08-27,108.57091438729972,110.14183244687196,108.0373954729816,109.90965270996094
2024-08-28,109.76639602666356,109.97881916747777,107.48412680686434,108.39308166503906
2024-08-29,108.42270801284396,109.94916797103993,107.13831739100434,107.41495513916016
2024-08-30,108.58573968318956,109.26251478356916,107.41496639851786,108.84262084960938
2024-09-03,107.69161132473448,107.77065284854372,103.25056463951864,103.84336853027344
2024-09-04,102.7911286685693,104.7572390555828,102.46508810361055,103.57658386230467
2024-09-05,102.83066663453194,104.70291648703508,102.73680577092576,103.41852569580078
2024-09-06,103.33453455766823,103.5815336449993,100.27174738232598,100.7361068725586
2024-09-09,101.98593289193713,102.49969527138649,101.04239446526388,102.38607025146484
2024-09-10,103.09248909226486,104.13976290000596,102.1094299270077,103.91746520996094
2024-09-11,104.27313900710436,107.62738340562824,102.62318685908969,107.46436309814452
2024-09-12,107.38532916821438,108.81298363864572,106.62951253903393,108.3535614013672
2024-09-13,108.48693801334213,109.16865789751724,108.0472799451833,108.89695739746094
2024-09-16,108.1115036270058,108.82779947328,107.47918656595412,108.48200225830078
2024-09-17,109.56879461371184,109.73675218090384,107.7212387611584,108.2695770263672
2024-09-18,108.54127486263444,109.30202870219432,107.17784267293166,107.28157806396484
2024-09-19,110.29496254124828,111.1545144472371,109.69228423084915,110.46785736083984
2024-09-20,110.03315577477171,110.42341101482891,108.94635376385008,109.92941284179688
2024-09-23,110.02790916586082,110.17142265788868,109.5726153497685,109.9091339111328
2024-09-24,110.36935819498338,110.88403575447865,109.18162855165504,110.66133880615234
2024-09-25,110.4435882825314,111.46305113188858,110.394104266859,110.97806549072266
2024-09-26,113.14568164810804,113.26940303116328,111.26511511539766,112.44789123535156
2024-09-27,112.6062493880254,112.6408949995336,110.98302546505788,111.39873504638672
2024-09-30,110.91374507020224,111.79464072937346,110.35947568052708,111.72535705566406
2024-10-01,111.3937847044916,111.45812224130869,108.35518778226545,109.00348663330078
2024-10-02,109.02822252645204,110.30997415007108,108.40961565582276,109.81014251708984
2024-10-03,109.48848312771156,111.07211539663756,109.47363716513992,110.26544952392578
2024-10-04,111.69071080796542,111.76989430107346,110.31987584502733,111.49275207519533
2024-10-07,110.9929276163646,111.7303097848632,110.44855050521072,110.72569274902344
2024-10-08,111.52245206725206,112.98236280321076,111.2700556257156,112.79430389404295
2024-10-09,112.88338296379108,114.21461858491271,112.5320109443096,114.05625915527344
2024-10-10,113.29414476327992,114.32350760823113,112.97741831493757,114.02658081054688
2024-10-11,113.75438571880068,114.4818680359631,113.5861264546369,114.22452545166016
2024-10-14,114.9519987187675,115.95166950299402,114.89756101389987,115.71412658691406
2024-10-15,115.8032045860176,116.08529293978695,112.74976202083072,113.17041015625
2024-10-16,113.52672805778523,113.69499486292808,112.2994141605066,113.52178192138672
2024-10-17,115.1054313767387,115.1697689164129,113.86821746826172,113.86821746826172
2024-10-18,114.46207633877545,114.69467315301324,114.03152832369256,114.2740249633789
2024-10-21,113.91769912109925,114.82334052937114,113.70984810874477,114.8084945678711
2024-10-22,114.199780766703,115.08067639505975,113.87316205998644,114.6897201538086
2024-10-23,114.26412126680565,114.43733422519256,112.08167423762993,113.04669952392578
2024-10-24,113.50694052396794,113.66035382337604,112.7052284166851,113.3782730102539
2024-10-25,114.0216160517197,115.24893752731924,113.80387277510054,113.96717834472656
2024-10-28,114.7837522476396,114.7837522476396,113.90780273591731,113.93254852294922
2024-10-29,114.15029280315206,115.79826244684789,113.72469096527848,115.46669006347656
2024-10-30,114.41258869604953,114.71941531306256,113.55643883000585,113.63066864013672
2024-10-31,112.3835505231438,112.3835505231438,109.94376854290628,109.98336029052734
2024-11-01,110.10213942061496,111.63628770706148,109.95367223945004,110.80982971191406
2024-11-04,110.9137441181324,111.5224587655192,110.25554544786598,110.72569274902344
2024-11-05,111.06714715577873,112.37365210173311,111.06714715577873,112.2845687866211
2024-11-06,114.4521816588924,115.69434165349664,114.11070942596126,115.4815444946289
2024-11-07,116.28325943981942,117.62934875326567,116.22882172672584,117.4957275390625
2024-11-08,117.34725814971176,117.75306792173116,116.94145592904648,117.36705780029295
2024-11-11,117.3522105164854,117.42644032694368,116.02096720567044,116.71875762939452
2024-11-12,116.63955966737537,117.01566991264976,115.9467154664764,116.86720275878906
2024-11-13,116.61976996242171,117.32251404718788,116.10014620663604,116.46141052246094
2024-11-14,116.64945184648153,116.85234914039565,115.87742420727274,116.06548309326172
2024-11-15,114.63033704965356,114.77879666668886,112.80915438336378,113.18527221679688
2024-11-18,113.18526509079956,114.0315150600375,112.69532573136738,113.55147552490234
2024-11-19,112.83884142577683,114.57589438349012,112.83884142577683,114.48186492919922
2024-11-20,114.58083997472352,114.62043172114988,112.85864053762178,114.38288879394533
2024-11-21,115.49143783702152,116.08530653527647,113.72470035864004,115.5458755493164
2024-11-22,115.33801272979856,115.8724899727543,114.92231072461745,115.60525512695312
2024-11-25,116.47625311077796,116.67915798076584,115.07572622123394,115.60030364990234
2024-11-26,116.1248835801212,116.54059315356108,115.68443577190648,116.1793212890625
2024-11-27,115.3924493111986,115.4617329780531,113.59106642162774,114.60558319091795
2024-11-29,114.87282779880294,115.91209044131593,114.75900624029948,115.66959381103516
2024-12-02,115.7537250130586,117.20374357481384,115.72403308881688,116.76824188232422
2024-12-03,116.2733624888463,117.21859573440533,116.04571935672124,117.18890380859376
2024-12-04,118.65374307273729,119.3911251757295,118.30732473793849,119.3317413330078
2024-12-05,119.14368357313246,119.28225090838237,118.56466844697684,118.7279815673828
2024-12-06,118.9358359000707,119.7029099532639,118.80716838555166,119.18822479248048
2024-12-09,118.74284256087992,119.16844444484327,118.1093896477281,118.41127014160156
2024-12-10,118.01040942303322,118.33208200412408,116.39707772659442,116.76824188232422
2024-12-11,117.6936726555989,118.8368569467579,117.28786292294582,118.4607391357422
2024-12-12,117.70356271210268,118.23309380917546,117.4165282227576,117.79759216308594
2024-12-13,118.86159125230388,119.32678481285753,117.36208884834664,118.30237579345705
2024-12-16,118.45579804271188,119.58908255779214,118.20340914669498,119.48516082763672
2024-12-17,118.63890526620663,119.2278202515179,118.18361148755643,118.76262664794922
2024-12-18,119.16348578235709,119.49011205088568,114.66497803878678,114.93222045898438
2024-12-19,116.10014748318429,116.47625776466111,114.90747155255174,115.05593872070312
2024-12-20,114.27401991451472,117.713472848877,113.91770172765308,116.773193359375
2024-12-23,117.10826599862224,118.06000210988452,116.48369130290438,118.01043701171876
2024-12-24,118.43177928737958,119.23480500994684,118.25332828639502,119.22985076904295
2024-12-26,118.84816437629726,119.74538120050512,118.46648359984808,119.30916595458984
2024-12-27,118.50613974246646,118.65980441337062,116.5630032350524,117.72293853759766
2024-12-30,116.00782926086892,117.1528867482344,115.2890709851015,116.22593688964844
2024-12-31,116.54318262919412,116.6224958696609,114.88259663915798,115.25933074951172
2025-01-02,116.17141613556372,116.49857759606134,113.90112556878006,114.98670196533205
2025-01-03,115.69058403431528,116.98435195809584,115.46256035923848,116.86042785644533
2025-01-06,118.19385424265296,119.49257642780064,117.88156308123344,118.34751892089844
2025-01-07,118.96713210232988,118.96713210232988,115.56665460718924,115.97312927246094
2025-01-08,116.24080101464293,116.26062554178698,114.81815482560243,115.9334716796875
2025-01-10,114.71405655031778,114.7338886414118,112.73622525051474,113.4054183959961
2025-01-13,111.58127586816528,112.681722611472,111.25906863180457,112.60240936279295
2025-01-14,113.47481276944306,113.78710390474276,112.00259393692508,112.8998031616211
2025-01-15,114.44143665772904,115.48240222518764,114.0647100797684,115.14532470703124
2025-01-16,116.08216983662138,116.15652882878176,114.23322453353768,114.2580108642578
2025-01-17,116.32011988629309,116.45891427420558,115.53691866094287,116.0474853515625
2025-01-21,116.43412760877956,117.30159631261893,115.6261400528109,117.01409149169922
2025-01-22,118.59536084991308,119.93373958500378,118.42682589325776,119.6561508178711
2025-01-23,118.73416702394528,119.89409487195783,118.62015896120748,119.86931610107422
2025-01-24,120.24603126007548,120.24603126007548,118.23845936672444,118.62014770507812
2025-01-27,113.30628418671844,114.4959525229819,111.76466807789625,112.80563354492188
2025-01-28,113.56900992654508,116.07227842284072,112.36942546781782,115.81451416015624
2025-01-29,115.58648476732584,115.6410116747457,113.75737137564543,114.87268829345705
2025-01-30,114.66945513532166,115.48239697142031,113.88129963326864,115.0858383178711
2025-01-31,116.15654327863608,116.85051524277262,114.10436039757278,114.41168975830078
2025-02-03,111.8786710255285,113.55908144475502,111.28383688454792,112.87006378173828
2025-02-04,113.25671537688228,114.67440743378585,113.2170587558265,114.49595642089844
2025-02-05,114.60005372104536,116.1119292774695,114.23819746122152,116.08714294433594
2025-02-06,116.08713542048162,116.64231294080192,115.57160695413296,116.40438079833984
2025-02-07,116.8752846068406,117.43542390181726,115.0213775379299,115.40802764892578
2025-02-10,116.32012906617912,117.3858733925564,116.2854266845989,117.09341430664062
2025-02-11,116.44404596254202,117.61884403863304,116.3647327213246,117.14793395996094
2025-02-12,115.49726643027688,117.03392836535512,115.36838808338229,116.89513397216795
2025-02-13,117.10332571403698,118.62510979978924,116.93974498676958,118.5507583618164
2025-02-14,118.45161224929032,119.05140064331012,118.23350462829164,118.95226287841795
2025-02-18,119.56693173057138,120.05271208374684,119.01174662035837,120.037841796875
2025-02-19,119.90400375018493,120.52362425977984,119.06627561101628,120.0477523803711
2025-02-20,119.93373411067684,120.09236057821316,118.40203415669498,119.6660614013672
2025-02-21,119.70077090449722,119.75034357261784,116.36473607335807,116.4242172241211
2025-02-24,116.87530043715408,117.20246188722626,114.61492598888628,114.75867462158205
2025-02-25,114.51577866976298,114.61987067282566,112.49829079293453,113.27157592773438
2025-02-26,114.38194290590492,115.58648151263505,113.62848226924464,114.50586700439452
2025-02-27,115.13045022570832,115.2494200919709,110.28750154557667,110.33706665039062
2025-02-28,109.84137313671935,111.90842639916048,108.90450716073916,111.79441833496094
2025-03-03,112.36942359660624,112.59743971601958,107.59091037052596,108.39393615722656
2025-03-04,107.59091118692945,110.22305800884511,106.20791391742064,108.3096694946289
2025-03-05,108.64672979726636,110.18834585381047,107.18938878206828,109.83145141601562
2025-03-06,107.5760381270844,109.27627320035542,106.26739989371792,106.78292083740234
2025-03-07,106.65899617185926,108.6021252012463,105.39993061212692,108.3294906616211
2025-03-10,106.1880837672122,106.38635930238269,102.64881176195856,103.72447204589844
2025-03-11,103.40723831704084,105.04303813978026,102.2572189048801,103.30313873291016
2025-03-12,105.14712375151665,105.841103288059,103.67490475715498,104.92901611328124
2025-03-13,104.62664400292216,104.85961435501972,102.53480456534548,102.93631744384766
2025-03-14,104.28460796707712,106.1583396985436,104.24990558951492,106.04928588867188
2025-03-17,105.96502203508638,107.54629476858344,105.65768512233318,106.78787231445312
2025-03-18,106.02945599701752,106.13850980915144,104.77534472120426,105.1619873046875
2025-03-19,105.70230872488352,107.779270398684,105.26113920778468,106.53012084960938
2025-03-20,105.32062006522396,106.93658768840166,105.1619935785741,105.7717056274414
2025-03-21,104.45314505731685,106.20295272820736,104.06650247395288,106.0592041015625
2025-03-24,107.82449726748892,108.32602692691886,107.54145817715931,108.06781768798828
2025-03-25,107.99829109276142,108.5693397499436,107.9436684543087,108.4253387451172
2025-03-26,108.0926358183864,108.35085262442446,105.58994297965371,106.0070571899414
2025-03-27,105.28207008034752,105.87794858357914,104.4726639637292,105.02881622314452
2025-03-28,104.48259309395588,104.9046702101455,102.13382732895884,102.48143005371094
2025-03-31,100.69380200638244,102.76448438392678,99.6758386833288,102.53109741210938
2025-04-01,102.12390540163008,103.37028504283568,101.28966943776264,103.2809066772461
2025-04-02,101.8061106096375,104.9046820795688,101.7266581163042,104.04562377929688
2025-04-03,99.06010425303104,99.66094578085094,96.86528011469126,96.9447250366211
2025-04-04,93.92063506648746,94.66548519366496,90.52412030503984,90.55887603759766
2025-04-07,86.86441461694251,95.24646346087208,85.6329312456234,91.10013580322266
2025-04-08,94.49168374334928,95.75793047419528,87.61423878606074,89.24794006347656
2025-04-09,89.43167201268471,101.78624722827784,89.31745620817892,101.23009490966795
2025-04-10,97.74916058265131,98.419521099668,93.22046700319576,96.51766967773438
2025-04-11,96.0360070640762,98.91609574881736,95.31598678714272,98.4940185546875
2025-04-14,101.54788939146736,101.61244548662724,98.3202058655772,99.39279174804688
2025-04-15,99.54673005914788,100.51007069950704,99.28851324553456,99.75528717041016
2025-04-16,97.07879249085975,98.1116521641977,94.61581825797596,96.28925323486328
2025-04-17,96.9794921791446,96.9794921791446,95.36067965160164,95.7678680419922
2025-04-21,94.25333017765804,94.4916800874284,91.9591943007266,93.29496002197266
2025-04-22,94.5363770416166,96.12042613201392,93.98518766497376,95.5692367553711
2025-04-23,99.2338942681134,100.28165037955397,97.93785478976284,98.34007263183594
2025-04-24,99.30838038666477,102.14874261195202,99.14947540037971,102.00969696044922
2025-04-25,101.70182821634717,103.71292493796943,101.60251638823144,103.5192642211914
2025-04-28,103.385196711755,103.89665986243384,101.80611807032103,103.3504409790039
2025-04-29,102.85387046771832,104.26411817968771,102.85387046771832,103.83210754394533
2025-04-30,101.79122169436027,104.65144347148096,101.20030604440656,104.26412200927734
2025-05-01,106.54335397224725,107.53152447037093,105.6991920656978,105.79354095458984
2025-05-02,107.0051651424954,108.06284710295948,106.71715553586458,107.56131744384766
2025-05-05,106.63770680470726,107.75498196331304,106.58308416053958,106.99027252197266
2025-05-06,105.40125659906674,106.88103098315536,105.0784912393938,106.1014175415039
2025-05-07,106.10141002357808,107.63083642855102,105.37145633990905,107.1640625
2025-05-08,108.22671507739577,109.21488557763332,107.2633744285524,108.1869888305664
2025-05-09,108.66867068794387,108.86730194317136,107.49677280162852,108.0529327392578
2025-05-12,112.63622669562967,113.10796355036048,111.49908469713483,113.0682373046875
2025-05-13,113.47543345294288,115.88874811043635,113.3463212513646,115.5113525390625
2025-05-14,116.0526199346086,116.7180175694877,115.5808754545752,116.26117706298828
2025-05-15,115.6305275614478,117.07553854561635,115.4914894849993,116.4200668334961
2025-05-16,116.79746242263926,116.79746242263926,115.63052759106876,116.63855743408205
2025-05-19,114.91547029263324,116.73290631990784,114.87574404549532,116.4697265625
2025-05-20,115.74473575248132,116.05261227339032,115.15382013924447,116.03274536132812
2025-05-21,114.94526666086408,116.54918268381932,113.39101791963556,113.85282135009766
2025-05-22,113.90745161915856,114.9055481039721,113.62937543893234,113.88262176513672
2025-05-23,111.90131382612198,113.36121362401992,111.77717214563016,112.62629699707033
2025-05-27,114.37917340321609,115.46169276386948,113.99682249450044,115.30278778076172
2025-05-28,115.44182581850497,115.9036367956452,114.6572495129062,114.82608795166016
2025-05-29,116.5640753144452,116.68324647871115,114.42883688959972,115.0197525024414
2025-05-30,114.96513746954982,115.01976011578957,112.9292107391669,114.6622314453125
2025-06-02,114.3593103462872,115.7447280790052,114.22027227909707,115.67520904541016
2025-06-03,115.82915131648264,117.50258632878462,115.74473588264058,117.41320037841795
2025-06-04,117.56218339060212,117.95446780699784,117.00603103003876,117.5870132446289
2025-06-05,117.93459696584482,118.96249372162625,116.74780279840564,117.25430297851562
2025-06-06,118.38648604298986,118.9078826694846,118.02398684364148,118.36165618896484
2025-06-09,118.82344821148264,119.677543584069,118.73406983800604,118.942626953125
2025-06-10,118.92277525488277,119.7867965620023,118.47586062777955,119.6080322265625
2025-06-11,119.89603035339977,120.38266360657975,118.72910313364108,119.34484100341795
2025-06-12,119.32001510914054,120.7302703677623,119.30015577400816,120.4521942138672
2025-06-13,119.05684280710214,119.96556088071044,118.32688906890871,118.7638702392578
2025-06-16,119.47892384897334,121.0431060522404,119.47892384897334,120.68557739257812
2025-06-17,120.17908476625176,121.02820965015204,119.5484428836834,119.83148956298828
2025-06-18,120.12445828830356,120.73027029909056,119.36471180505556,119.9754867553711
2025-06-20,120.40253052030876,120.80971128158752,118.8830376033054,119.44415283203124
2025-06-23,119.562548292353,120.91047023942843,118.75180058639032,120.80602264404295
2025-06-24,122.03457360405172,123.12385074030853,121.89032633182568,122.97463989257812
2025-06-25,123.6112897857084,124.20815590497864,123.50186344505968,124.0241241455078
2025-06-26,124.5812018087606,125.07859152090812,124.08878326149124,124.879638671875
2025-06-27,125.21786277714094,125.69536025067482,124.16339899294157,124.7304229736328
2025-06-30,125.8246685364294,126.2971872166934,125.2178525168687,125.95398712158205
2025-07-01,125.5511085747264,125.81472451152486,123.97438411874823,124.82989501953124
2025-07-02,124.51654957479003,126.2325427134128,124.42702306178822,126.14798736572266
2025-07-03,126.83437791157196,128.19225730428835,126.784635904016,127.80925750732422
2025-07-07,127.31684690419428,127.65010469454396,126.22756220589903,126.79458618164062
2025-07-08,127.46108447093896,127.7197216404927,126.94876611726842,127.47600555419922
2025-07-09,127.9286463520876,128.72445778751091,127.29198050670576,128.2419891357422
2025-07-10,128.5603120083504,128.67471709995883,127.14772712972832,127.81920623779295
2025-07-11,127.21238553149688,128.00324091381106,127.05322477583238,127.25715637207033
2025-07-14,126.943807185599,127.46606032916276,125.93907780839152,127.1527099609375
2025-07-15,128.63492650742464,128.93834212870988,128.23702080446947,128.2817840576172
2025-07-16,128.32654505639636,128.75429292060227,126.73987066869428,128.6796875
2025-07-17,128.83387725968367,130.05248812121349,128.5802188293129,129.8485565185547
2025-07-18,130.345945023547,130.39070827555148,129.41582870281883,129.76400756835938
2025-07-21,129.9082573901762,130.8184891759277,129.75904652978969,129.93313598632812
2025-07-22,129.83363692876057,129.92316343462772,127.80429356679076,128.72943115234375
2025-07-23,129.06267649640088,129.63467157868342,128.29669215764804,129.46556091308594
2025-07-24,129.783900363417,130.2663690152157,129.28154705112257,130.01271057128906
2025-07-25,129.97290534542907,130.63940574271612,129.70431064889772,130.31112670898438
2025-07-28,130.80852448840275,131.3854984154577,130.53994495444388,131.35067749023438
2025-07-29,132.20618404284355,132.93734755244785,131.13183558464902,131.35565185546875
2025-07-30,131.49491928616243,132.09675660378963,130.6145449366187,131.64910888671875
2025-07-31,133.3054271913949,133.3054271913949,130.04751533294424,130.68417358398438
2025-08-01,129.2616316733959,129.30639492282563,127.22233096209148,127.8639678955078
2025-08-04,129.06764220653292,130.48520581938268,129.06764220653292,130.46034240722656
2025-08-05,130.942822974805,131.05721289613794,129.082575094084,129.38101196289062
2025-08-06,129.5053628013922,131.00748951490152,129.420815046802,130.83836364746094
2025-08-07,132.2957126084089,132.50958652791107,129.86844854029297,130.95773315429688
2025-08-08,131.45015795179742,132.4150952475732,131.10695782190135,132.26588439941406
2025-08-11,132.1813226514105,132.77819640765972,131.06717449748413,131.37057495117188
2025-08-12,132.02711281268287,133.43969762824045,131.2959494039446,133.40487670898438
2025-08-13,134.17584145025302,134.3200735247356,132.96717302309844,133.45462036132812
2025-08-14,132.7782048005446,133.6237582996931,132.46981039353986,133.16616821289062
2025-08-15,132.98708065667674,132.98708065667674,131.6292165005672,132.1564483642578
2025-08-18,131.99230894818325,132.5593405208958,131.8629827623092,132.43995666503906
2025-08-19,132.39020716491356,132.42004932898502,129.88335912901977,130.1270751953125
2025-08-20,129.79881465324274,129.79881465324274,127.25218176313658,129.24671936035156
2025-08-21,128.93337968130783,129.4506693038785,128.22211593723043,128.77919006347656
2025-08-22,128.63991301804597,131.37555663341007,128.28179179214217,130.5250244140625
2025-08-25,130.52003138798685,131.04726324915092,129.87341567848813,130.23153686523438
2025-08-26,130.34098273825947,131.0025196305484,130.1519873767366,130.82843017578125
2025-08-27,130.9577246731481,131.68390930907836,130.35587227009142,131.53469848632812
2025-08-28,131.6938749787199,132.85776513983976,131.03733206312697,132.5742645263672
2025-08-29,131.99230166814817,132.01718026051395,130.06242721214602,130.53993225097656
2025-09-02,128.23203167347145,129.34121611992035,127.47102607328104,129.22183227539062
2025-09-03,129.8833867591022,130.2514503136999,129.02289703431703,129.99281311035156
2025-09-04,129.46059754151574,130.68915077441952,128.93336564520527,130.6344451904297
2025-09-05,131.87293505418955,131.92267706056776,129.4158286945716,130.7438507080078
2025-09-08,131.43025100152272,132.20121415298,131.40040883350545,131.7237091064453
2025-09-09,132.01718615251934,132.11665498903503,131.04229137241023,131.97738647460938
2025-09-10,134.64836429408803,135.2750801867083,133.72819029373613,134.3698272705078
2025-09-11,135.21539083739597,135.40440134906044,134.60359605160767,134.82244873046875
2025-09-12,135.09104660899612,135.22035761019652,134.4444308864777,134.73292541503906
2025-09-15,134.9468055128906,135.9764058899695,134.7826735819256,135.94656372070312
2025-09-16,136.2599291110404,136.35443437858308,135.30991285988517,135.4740447998047
2025-09-17,135.38450602127347,135.5486379463226,133.60882111827732,135.00648498535156
2025-09-18,136.75731117836176,137.74213312078828,136.09577434274476,137.33924865722656
2025-09-19,137.8913590024938,138.86125985930232,137.44369610644242,138.73194885253906
2025-09-22,138.52674235227067,140.8874097901948,138.4719664659045,140.77285766601562
2025-09-23,140.5786161586602,140.8077204022412,138.94011197373962,139.5576629638672
2025-09-24,139.9312080839799,139.9312080839799,137.76976405791802,138.6960906982422
2025-09-25,137.43607350668313,138.7956980979606,136.5844482037661,138.45205688476562
2025-09-26,138.6014519546609,138.99489908432523,137.6452448732802,138.87039184570312
2025-09-29,139.6672331017049,140.40432138305223,139.2887262547108,139.61244201660156
2025-09-30,139.61246689961504,140.51391339829982,139.3186316049973,140.37445068359375
2025-10-01,139.65728051399282,141.8486047862867,139.61742968799211,141.74899291992188
2025-10-02,143.06876551132504,143.09864603128875,141.87349911686573,142.51596069335938
2025-10-03,142.64545286817437,143.37257085061185,141.31072378434095,141.79879760742188
2025-10-06,143.71122729805265,144.14949518967745,143.15842247927827,143.23312377929688
2025-10-07,143.9701965694177,144.1793754076684,141.5248878949896,142.2769012451172
2025-10-08,142.60560476407178,144.77701884436692,142.53090346284725,144.77203369140625
2025-10-09,144.7072829952907,144.8367753791425,143.7759713388467,144.5279998779297
2025-10-10,144.83181296792512,145.09576773124405,138.59151017597654,138.64630126953125
2025-10-13,141.80378475292457,142.49603707230452,140.9969651078484,142.02291870117188
2025-10-14,140.16028345019228,141.62947492899593,138.571569887209,140.20013427734375
2025-10-15,142.16734555613417,142.72513557089158,139.84652873151722,141.58963012695312
2025-10-16,142.61058526245296,143.24307652369345,140.72803653985224,141.6942138671875
2025-10-17,140.8525526775265,142.3665497574576,139.95609143949193,141.9432373046875
2025-10-20,142.75502349817936,144.13954335159264,142.67035189048008,143.52696228027344
2025-10-21,143.43731119987186,144.11462322197167,142.90940177128346,143.60165405273438
2025-10-22,143.53692085963615,143.8506815330566,140.39435936959308,142.18228149414062
2025-10-23,141.6244919263877,144.20427827335303,141.6244919263877,143.97518920898438
2025-10-24,145.67346964338674,146.7043932300745,145.45932083996007,146.21133422851562
2025-10-27,148.26322821823314,149.04015218385535,148.02416884471944,148.91065979003906
2025-10-28,149.6327980523693,150.97249708955212,149.11982886257104,150.3848114013672
2025-10-29,151.749441088344,152.3918875498579,150.34001051909786,151.46556091308594
2025-10-30,150.60394836622066,151.3808722964715,149.5531145985157,149.60292053222656
2025-10-31,151.1119546646113,151.22152164443403,148.880779438511,149.74734497070312
2025-11-03,151.18166905619162,151.5103699918333,149.53817957662088,150.35992431640625
2025-11-04,147.6406824787169,148.61182977369762,146.1465956876972,146.390625
2025-11-05,146.13166379739448,148.15366015449294,145.90754468645042,146.96336364746094
2025-11-06,146.72928940126204,146.88866231574173,143.2679972569878,144.0100555419922
2025-11-07,142.77990558105037,143.54687433742652,140.24494032121208,143.5120086669922
2025-11-10,146.07687023925317,147.46139011354597,145.31987170608562,147.1824951171875
2025-11-11,146.2113399406574,146.4752946897283,144.95631239390056,145.92747497558594
2025-11-12,147.1476299126462,147.1476299126462,145.49915529730131,146.38067626953125
2025-11-13,145.56390379565195,145.76311233988991,141.9531938362771,142.73011779785156
2025-11-14,140.09554795995894,144.8069131198747,139.59254901817636,143.50704956054688
2025-11-17,142.1623563911933,143.7162041362293,140.12043484987868,141.26092529296875
2025-11-18,140.04077128519353,140.76291939174976,137.69007387178866,138.96502685546875
2025-11-19,138.9749758252732,141.49998631135145,138.6163943645364,139.9311981201172
2025-11-20,143.1534410364927,143.68633565483097,135.22481355190342,135.53857421875
2025-11-21,135.76270300972394,137.8743410217018,133.21279706349293,136.0615234375
2025-11-24,136.9778786125708,139.7967241277261,136.89320700864704,139.3036651611328
2025-11-25,138.07853158334396,140.0357817828216,136.11629623061478,139.6772003173828
2025-11-26,141.3256728058098,141.933268746237,140.23498816521803,141.33065795898438
2025-11-28,141.62946601780305,142.570732768769,141.2459740241266,142.54583740234375
2025-12-01,141.1613296060198,143.038893313281,140.72804684270088,142.610595703125
2025-12-02,143.49708757361336,144.94136852691437,143.07874506843473,144.07977294921875
2025-12-03,143.38253741429702,144.52302801114428,142.66537448165087,144.4234161376953
2025-12-04,144.6176472647211,145.22025803165195,143.92537973685995,144.96128845214844
2025-12-05,145.63361753396276,146.72927199409335,145.11566322266992,146.02207946777344
2025-12-08,146.8487956881959,147.7950627669607,146.3408116764138,147.0480194091797
2025-12-09,146.75918084110108,147.66559726117012,146.3806891393509,147.43650817871094
2025-12-10,147.10778330230943,148.63175056588165,146.2412178540215,148.1436767578125
2025-12-11,146.48028706344337,147.54607641890084,144.53797700296928,147.38670349121094
2025-12-12,146.3607539300509,146.5002014316042,142.69525286279008,143.12356567382812
2025-12-15,143.85068210338324,144.05986095270538,141.46014918944869,141.73904418945312
2025-12-16,141.35058478106205,142.4064037572244,140.7429888345825,141.99801635742188
2025-12-17,142.1573742652065,142.27689634086596,138.77078373334044,138.8404998779297
2025-12-18,141.30077096229675,141.85856094133138,140.23498173914078,140.98202514648438
2025-12-19,142.0278973434728,144.04989373619406,142.00798712778658,144.0299835205078
2025-12-22,145.6549920846301,145.6549920846301,144.29829812128244,144.80706787109375
2025-12-23,144.3881041635591,145.6250796529043,144.0090231733709,145.59515380859375
2025-12-24,145.43553563558234,146.143816117724,145.32580246853755,145.94430541992188
2025-12-26,146.2535438927823,146.6226394311932,145.8844483543714,146.17373657226562
2025-12-29,144.99662554553183,146.02412015194898,144.68736644330406,145.51535034179688
2025-12-30,145.49540545528075,145.9043970663659,145.0265469341358,145.0564727783203
2025-12-31,145.35573958892994,145.4455171172508,143.55012748534418,143.61996459960938
2026-01-02,145.27592583189536,146.16376131212516,143.06132223461395,143.94915771484375
2026-01-05,145.65499138022793,146.0340723336753,143.89927605684684,144.26837158203125
2026-01-06,144.856955650259,146.41316036557873,144.27836398554192,146.29344177246094
2026-01-07,146.17373657226562,147.02167603377654,145.68492244223475,146.17373657226562
2026-01-08,145.57519103721043,145.57519103721043,143.15110643671426,143.88931274414062
2026-01-09,144.21851729160065,146.22362494086602,143.6798216581504,145.79466247558594
2026-01-12,144.8370046524077,146.93188982792398,144.6973456407066,146.43310546875
2026-01-13,146.49296635217556,147.16133553937286,145.49539767486198,146.1238555908203
2026-01-14,145.14624832556666,145.57519556747127,142.9715558288872,144.3481903076172
2026-01-15,146.57276578483155,147.21122438307907,144.95670931766733,145.10635375976562
2026-01-16,146.36327706462842,146.59271359757147,144.66741336319407,145.2659454345703
2026-01-20,142.74210864132922,143.74966281970242,141.26571115488144,141.49514770507812
2026-01-21,142.43284793489858,144.68734756144252,141.61484957265105,143.46034240722656
2026-01-22,145.25597661419093,145.34575414250082,143.8095050674451,144.5277557373047
2026-01-23,144.17860759797276,145.47544999372877,143.40050520485732,144.73724365234375
2026-01-26,144.91681004123515,146.35331141194342,144.53772906238424,145.72483825683594
2026-01-27,147.0615750694988,148.25865445817743,146.67252388763598,147.69004821777344
2026-01-28,148.63773570320546,149.53554144092453,148.24868452063515,148.86717224121094
2026-01-29,147.4805517846043,147.57032931368627,142.9216707770559,146.51290893554688
2026-01-30,145.6849340829151,146.39321459553818,142.6423615616896,143.5301971435547
2026-02-02,143.1810250971117,145.7946500523043,143.04136609694925,144.9068145751953
2026-02-03,145.5253220863192,145.6150996131889,139.8291982973319,141.73455810546875
2026-02-04,140.48759747795822,140.66715253196207,135.77907214267424,137.7841796875
2026-02-05,136.8863777667897,138.1433088447119,134.75158136490833,135.3002471923828
2026-02-06,137.67444076661425,141.12603491443372,137.08587892974364,140.786865234375
2026-02-09,140.25816616087096,143.6798195162492,139.5698413182183,143.00148010253906
2026-02-10,143.47034676656006,143.7995310631825,142.0438155205337,142.20343017578125
2026-02-11,144.15865518978487,144.40804737833514,140.97642365010412,142.62240600585938
2026-02-12,142.9615742299937,143.4204625496584,138.58224805384012,138.87155151367188
2026-02-13,139.22068786621094,140.56741172435744,137.59464598472434,139.22068786621094
2026-02-17,138.30293030616414,140.1085273005566,136.68687380894062,139.14088439941406
2026-02-18,139.71947382130853,141.77446296865227,138.93140122253052,140.56741333007812
2026-02-19,139.74939151611082,140.3678944430965,138.9413633277883,139.86911010742188
2026-02-20,138.86156742379725,141.40537078921122,138.63213087259726,140.53749084472656
2026-02-23,139.83918009590067,140.30803862622753,137.55475435549857,138.1832275390625
2026-02-24,138.9014752647546,140.5973390592157,137.85402505527574,139.97885131835938
2026-02-25,141.0163102352209,142.99149197385634,140.866681020813,142.66229248046875
2026-02-26,142.59247558325785,142.66229747853097,138.9214147703723,140.6671600341797
2026-02-27,137.973719825087,139.43017677568824,137.60462428943092,138.42262268066406
2026-03-02,136.69683741886774,139.6197216182104,136.22797891324518,139.2007293701172
2026-03-03,136.0284674900821,137.99367903163656,134.66180325258014,137.1656951904297
2026-03-04,138.1931874698976,140.2880877781941,137.70437333884442,139.5
2026-03-05,138.82166325396486,140.9165483805195,137.75425744386845,139.83917236328125
2026-03-06,137.4849327179484,139.4900404298185,136.4574228993511,136.95620727539062
2026-03-09,135.6394178441605,139.8691146271686,135.13066328514083,139.42019653320312
2026-03-10,139.50000385609275,141.0462383909873,138.68200543443226,139.42019653320312
2026-03-11,140.23820644629026,141.24574533030233,139.18078608408766,140.08856201171875
2026-03-12,138.93139872657775,139.4102274460723,137.3153270630365,137.50486755371094
2026-03-13,138.11338956552257,139.37033592487268,136.1880891959716,136.4674072265625
2026-03-16,138.38274474319513,139.7394389160379,138.1832340281254,138.44259643554688
2026-03-17,139.05110015414843,139.92896547900608,138.59221185569365,139.2007293701172
2026-03-18,138.97128125046726,139.72944313936796,137.59463169151732,137.62457275390625
2026-03-19,135.66934490045796,138.83163589249077,135.11070885692658,138.0934295654297
2026-03-20,137.64453730823163,137.64453730823163,133.99344710727743,134.96107482910156
2026-03-23,137.33624377517714,139.03421610463784,136.05776941601027,136.78689575195312
2026-03-24,135.88796698986025,136.756925939613,134.70936444914835,135.9878387451172
2026-03-25,137.12648977738814,137.83565091914792,136.11769810873238,136.5971221923828
2026-03-26,135.01899443034011,135.35860107603992,132.26228705397543,132.34219360351562
2026-03-27,131.37335727879343,131.8927422685792,129.4256826178681,129.76527404785156
2026-03-30,131.11366649582598,131.3933318068118,126.52912905548251,127.34815216064452
2026-03-31,128.9961806013036,133.061340683807,128.82638489445486,132.74171447753906
2026-04-01,133.9602609523419,135.88797028702558,133.6006890953376,134.74932861328125
2026-04-02,131.7529059378816,135.87797696624884,131.19357530628037,135.8280487060547
2026-04-06,136.31745019443446,137.0865374038907,135.54837822559426,136.61709594726562
2026-04-07,136.0078178096317,137.3262529867915,133.950273736745,137.2663116455078
2026-04-08,142.95954295106222,143.38902352330368,140.57238995210017,141.52125549316406
2026-04-09,141.59115901873233,142.0206548158708,140.18284990498256,141.9008026123047
2026-04-10,142.33028207469894,143.3890171730368,141.75097102755612,142.45013427734375
2026-04-13,142.16049205087307,145.49651057637163,141.96073329161632,145.43658447265625
2026-04-14,146.72503928611852,147.76380920410156,145.9060238129167,147.76380920410156
2026-04-15,148.09342105941076,150.19091090514866,147.7837926946078,150.12100219726562
2026-04-16,150.81018661974522,151.9987566081987,149.5716578891661,151.83895874023438
2026-04-17,153.87652031148002,154.62562710144812,153.32717228404675,154.1661834716797
2026-04-20,154.11623067577236,154.56569167452182,152.85772159053502,154.37591552734375
2026-04-21,154.81539617611932,155.884129129734,153.96640242342323,154.50576782226562
2026-04-22,156.03395010399387,157.9716420882383,155.33478682117797,157.90171813964844
2026-04-23,156.5833040579365,157.61207619318276,153.76665513110274,155.65440368652344
2026-04-24,158.24131329735445,160.20896838018592,157.4123151828165,160.02919006347656
2026-04-27,159.82942092114686,160.42869717855376,158.6208553216934,160.37876892089844
2026-04-28,156.9228936237192,158.4510702818269,155.974028055183,157.66201782226562
2026-04-29,158.6408364062814,158.96044736339226,157.56212084987743,158.92050170898438
2026-04-30,159.4598585960826,159.60968909782088,156.6931685032586,159.31004333496094
2026-05-01,160.19898245384482,162.09671354707754,159.94928019207123,161.67721557617188
2026-05-04,162.5162275196125,163.04559509780208,160.68840512599667,161.8570098876953
2026-05-05,163.67482566689128,165.82227415750694,163.32525166187185,165.4327392578125
2026-05-06,167.68006605574075,169.87744288963577,166.64129612222325,169.82749938964844
2026-05-07,170.05722828892144,171.7452180707813,168.49908856431756,169.4879150390625
2026-05-08,171.3856465086146,175.39088067642805,171.09599858106782,175.31097412109375
2026-05-11,175.94020129220524,178.08764981145518,175.6605359882143,177.66815185546875
2026-05-12,175.9402138471824,176.77922505964256,170.99611193521514,174.99134826660156
2026-05-13,177.05888701602882,177.52832849528758,174.05246197984613,176.63938903808594
2026-05-14,177.14877360916768,180.00536810004343,176.65935168834534,179.28622436523438
2026-05-15,176.00015108522015,178.48717588944902,174.42203094229262,176.05007934570312
2026-05-18,177.40845571369712,177.63819276472415,171.7052646652148,174.15234375
2026-05-19,172.4743303069572,174.9713527997539,170.62654280665714,173.03367614746094
2026-05-20,174.45198923933788,177.03890097524803,173.7428281205334,176.9290313720703
2026-05-21,175.62059330770344,178.76683565119026,175.62059330770344,178.38729858398438
2026-05-22,179.81558378854845,181.5135560473922,179.346142337373,180.17515563964844
2026-05-26,182.98181786096717,185.77848629416397,182.3725437210229,184.9195098876953
2026-05-27,185.95825821276128,186.04816260848577,182.32259394687375,184.21034240722656
2026-05-28,184.60987343129256,187.3565982427769,183.5711035132952,186.62747192382812
2026-05-29,189.10452123574152,191.4017851228011,188.97467118089125,190.79251098632812
2026-06-01,192.09096511554273,196.2659796573897,190.9223451073667,195.52685546875
2026-06-02,196.21603952298057,198.14374896076225,195.51687621936165,197.9739532470703
2026-06-03,198.13374283346508,198.49331469466892,194.29831980770152,195.9962921142578
2026-06-04,191.29191257814009,194.5080789224973,189.4640901967979,192.93994140625
2026-06-05,188.6650317829306,188.99464058247287,179.58586161226862,180.08526611328125
2026-06-08,184.9994175527324,186.4876485567764,182.9518559068137,183.9606475830078
2026-06-09,185.6885959756143,186.8572007467721,172.67411514493736,180.55471801757812
2026-06-10,177.94782384264687,182.1927623012561,175.94020789999234,176.41964721679688
2026-06-11,177.57824776651307,183.4412670381296,176.28979084524326,182.99180603027344
2026-06-12,183.02177064279775,185.61866495512996,181.42367011165783,184.5799102783203
2026-06-15,190.14327742477175,191.85124763716223,189.52402067952255,191.56158447265625
2026-06-16,191.00224505357696,192.02103452362363,186.2079586987521,186.21795654296875
2026-06-17,188.78488853172763,189.7637323505244,185.07931557973615,185.57872009277344
2026-06-18,190.19321612408265,191.77133624077132,189.1544614253164,191.2120056152344
2026-06-22,192.9499969482422,194.3000030517578,190.86000061035156,192.1499938964844
2026-06-23,184.67999267578125,187.25,183.6999969482422,184.19000244140625
2026-06-24,184.07000732421875,185.66000366210935,180.7899932861328,183.0500030517578
2026-06-25,188.1499938964844,188.41000366210935,180.3800048828125,184.57000732421875
2026-06-26,181.0,183.11000061035156,179.75999450683594,181.11000061035156
2026-06-29,183.1199951171875,185.66000366210935,178.6699981689453,185.41000366210935
2026-06-30,185.7599945068359,190.94000244140625,185.6000061035156,190.52000427246097
2026-07-01,186.8300018310547,187.97999572753903,185.3800048828125,185.6199951171875
2026-07-02,185.4900054931641,187.3800048828125,178.72000122070312,180.58999633789065
2026-07-06,182.66000366210935,185.7100067138672,182.0399932861328,183.57000732421875
2026-07-07,179.83999633789062,180.72000122070312,176.36000061035156,179.17999267578125
2026-07-08,177.47999572753906,181.6300048828125,177.14999389648438,181.3999938964844
2026-07-09,184.7599945068359,186.3999938964844,183.55999755859375,185.3500061035156
2026-07-10,184.0099945068359,186.22999572753903,183.08999633789065,185.77999877929688
2026-07-13,183.1000061035156,183.8999938964844,180.5399932861328,181.27999877929688
2026-07-14,183.7100067138672,184.42999267578125,181.3300018310547,183.6199951171875
2026-07-15,185.11000061035156,185.2899932861328,178.22000122070312,181.5800018310547
2026-07-16,179.0,179.47999572753906,176.41000366210938,177.52000427246094
2026-07-17,172.85000610351562,177.9199981689453,171.33999633789062,175.58999633789062
2026-07-20,177.19000244140625,178.6999969482422,175.52000427246094,175.7100067138672
2026-07-21,179.55999755859375,181.02000427246097,178.1699981689453,180.77999877929688
2026-07-22,178.16000366210938,181.42999267578125,178.14999389648438,180.27000427246097
2026-07-23,178.8000030517578,180.38999938964844,177.1999969482422,178.4499969482422
2026-07-24,177.82000732421875,179.00999450683594,175.0500030517578,175.8800048828125
2026-07-27,177.8300018310547,178.3000030517578,171.72999572753906,174.3000030517578
2026-07-28,171.2100067138672,172.1699981689453,167.5399932861328,171.08999633789062
2026-07-29,171.1199951171875,172.50999450683594,166.4600067138672,166.57000732421875
2026-07-30,172.80999755859375,176.08999633789062,172.16000366210938,175.72999572753906
2026-07-31,177.4600067138672,178.6199951171875,172.6999969482422,175.35000610351562
2026-08-03,174.00999450683594,178.9199981689453,173.0399932861328,178.0399932861328
2026-08-04,182.52000427246097,187.7100067138672,181.8699951171875,186.8999938964844
2026-08-05,187.33999633789065,188.6199951171875,185.7100067138672,185.91000366210935
2026-08-06,183.19000244140625,186.91000366210935,182.05999755859375,185.3300018310547
2026-08-07,187.9900054931641,188.72999572753903,185.7400054931641,187.97000122070312
2026-08-10,188.0800018310547,188.83999633789065,186.27000427246097,186.32000732421875
2026-08-11,187.69000244140625,187.7100067138672,185.07000732421875,186.08999633789065
2026-08-12,189.47000122070312,189.58999633789065,188.3300018310547,188.86000061035156
2026-08-13,189.1300048828125,191.7400054931641,188.86000061035156,190.77000427246097
2026-08-14,191.13999938964844,191.3500061035156,189.25,190.0099945068359
2026-08-17,190.7899932861328,191.75,190.11000061035156,190.32000732421875
2026-08-18,186.2899932861328,187.5,184.3300018310547,185.6199951171875
2026-08-19,186.38999938964844,186.86000061035156,182.41000366210935,183.63999938964844
2026-08-20,183.47000122070312,184.27999877929688,182.77999877929688,183.7100067138672
2026-08-21,184.4199981689453,184.5,181.8999938964844,182.0500030517578
2026-08-24,181.67999267578125,181.8791961669922,178.81500244140625,180.0500030517578
2026-08-25,182.11000061035156,183.02000427246097,181.16000366210935,181.33999633789065
2026-08-26,180.7100067138672,182.7749938964844,180.7100067138672,181.4499969482422
2026-08-27,180.7100067138672,186.58999633789065,186.1499938964844,186.1499938964844
2026-08-28,186.47000122070312,188.07000732421875,187.6199951171875,187.8249969482422
