timestamp,candidate_id,train_pf,test_pf,val_pf,val_trades,val_dd_pct,kill_reason
2026-08-16 23:14:36,Pairs_W120_Z2.2_S4.0_H24,0.72,0.83,0.77,304,31.4,KILLED: PF=0.77<=1.30 | DD=31.4%>=15%
2026-08-16 23:14:53,Pairs_W60_Z2.8_S4.0_H24,0.71,0.80,0.90,290,15.0,KILLED: PF=0.90<=1.30 | DD=15.0%>=15%
2026-08-16 23:15:17,Pairs_W120_Z2.5_S3.5_H24,0.60,1.14,0.78,227,17.1,KILLED: PF=0.78<=1.30 | DD=17.1%>=15%
2026-08-16 23:15:34,Pairs_W60_Z2.8_S3.5_H36,0.71,1.23,0.96,294,14.8,KILLED: PF=0.96<=1.30
2026-08-16 23:16:32,Pairs_W90_Z2.2_S3.5_H36,0.42,1.02,1.08,397,19.6,KILLED: PF=1.08<=1.30 | DD=19.6%>=15%
2026-08-16 23:16:52,Pairs_W120_Z2.5_S3.5_H36,0.52,1.27,0.75,225,20.0,KILLED: PF=0.75<=1.30 | DD=20.0%>=15%
2026-08-16 23:17:15,Pairs_W90_Z2.2_S4.0_H24,0.49,1.11,1.19,389,12.9,KILLED: PF=1.19<=1.30
2026-08-16 23:17:39,Pairs_W90_Z2.2_S3.5_H24,0.42,1.10,1.12,399,16.5,KILLED: PF=1.12<=1.30 | DD=16.5%>=15%
2026-08-16 23:17:54,Pairs_W120_Z2.8_S3.5_H36,0.40,1.00,0.59,166,18.8,KILLED: PF=0.59<=1.30 | DD=18.8%>=15%
