fecha_entrada,fecha_cierre,par,lado_spread,simbolo_y,lado_y,precio_entrada_y,precio_cierre_y,simbolo_x,lado_x,precio_entrada_x,precio_cierre_x,gamma,z_entrada,z_cierre,pnl_neto_usdt,motivo_cierre
2026-08-14 23:45:38,2026-08-15 01:55:30,SUIUSDT/APTUSDT,SHORT_SPREAD,SUIUSDT,SELL,0.6865,0.6826,APTUSDT,BUY,0.5425,0.5425,0.9212,2.12,-0.11,0.45,Spread Mean-Reverted (Z=-0.11)
2026-08-15 06:35:28,2026-08-15 08:41:16,SUIUSDT/APTUSDT,SHORT_SPREAD,SUIUSDT,SELL,0.6839,0.6823,APTUSDT,BUY,0.5399,0.5407,1.1935,2.18,-0.01,0.22,Spread Mean-Reverted (Z=-0.01)
2026-08-15 08:43:51,2026-08-15 10:10:33,SUIUSDT/APTUSDT,LONG_SPREAD,SUIUSDT,BUY,0.6821,0.6835,APTUSDT,SELL,0.5430,0.5420,1.1231,-2.01,-0.02,0.22,Spread Mean-Reverted (Z=-0.02)
2026-08-15 10:18:55,2026-08-15 10:22:58,SUIUSDT/APTUSDT,LONG_SPREAD,SUIUSDT,BUY,0.6829,0.6829,APTUSDT,SELL,0.5448,0.5412,0.9394,-2.23,0.07,0.53,Spread Mean-Reverted (Z=0.07)
2026-08-16 15:13:19,2026-08-16 15:23:45,SUIUSDT/APTUSDT,LONG_SPREAD,SUIUSDT,BUY,0.6741,0.6742,APTUSDT,SELL,0.5301,0.5251,0.4274,-2.11,-0.13,0.23,Spread Mean-Reverted (Z=-0.13)
2026-08-16 15:40:55,2026-08-16 15:44:35,BTCUSDT/ETHUSDT,SHORT_SPREAD,BTCUSDT,SELL,63003.7000,63003.1000,ETHUSDT,BUY,1875.4500,1872.2200,22.9147,2.85,3.97,-6.32,Spread Divergence Stop Loss (Z=3.97)
2026-08-16 15:44:58,2026-08-16 16:02:45,BTCUSDT/ETHUSDT,SHORT_SPREAD,BTCUSDT,SELL,62926.4000,62838.9000,ETHUSDT,BUY,1873.2100,1872.5300,22.9733,2.16,0.09,-1.44,Spread Mean-Reverted (Z=0.09)
2026-08-16 16:23:07,2026-08-16 16:36:29,BTCUSDT/ETHUSDT,LONG_SPREAD,BTCUSDT,BUY,62871.0000,62806.8000,ETHUSDT,SELL,1877.0200,1871.6800,24.4328,-2.06,0.19,9.87,Spread Mean-Reverted (Z=0.19)
2026-08-16 16:48:21,2026-08-16 17:00:57,BTCUSDT/ETHUSDT,LONG_SPREAD,BTCUSDT,BUY,62746.1000,62877.1000,ETHUSDT,SELL,1872.7800,1874.9700,25.7282,-2.26,-0.08,-4.60,Spread Mean-Reverted (Z=-0.08)
2026-08-16 15:42:01,2026-08-16 17:44:51,SUIUSDT/APTUSDT,LONG_SPREAD,SUIUSDT,BUY,0.6698,0.6708,APTUSDT,SELL,0.5192,0.5183,0.4202,-2.11,-0.04,-0.07,Spread Mean-Reverted (Z=-0.04)
2026-08-16 18:32:04,2026-08-16 19:02:43,BTCUSDT/ETHUSDT,LONG_SPREAD,BTCUSDT,BUY,62764.9000,62942.3000,ETHUSDT,SELL,1874.7800,1886.8400,26.2824,-2.93,-4.88,-25.34,Spread Divergence Stop Loss (Z=-4.88)
2026-08-16 19:03:05,2026-08-16 19:03:28,BTCUSDT/ETHUSDT,LONG_SPREAD,BTCUSDT,BUY,62980.8000,62948.1000,ETHUSDT,SELL,1886.2900,1886.5000,25.3544,-4.19,-4.72,-0.90,Spread Divergence Stop Loss (Z=-4.72)
2026-08-16 18:10:19,2026-08-16 19:04:12,SUIUSDT/APTUSDT,LONG_SPREAD,SUIUSDT,BUY,0.6688,0.6730,APTUSDT,SELL,0.5190,0.5244,0.4502,-2.09,-0.15,-0.16,Spread Mean-Reverted (Z=-0.15)
2026-08-16 19:03:51,2026-08-16 19:04:14,BTCUSDT/ETHUSDT,LONG_SPREAD,BTCUSDT,BUY,62981.7000,63004.9000,ETHUSDT,SELL,1887.4800,1888.2600,24.9854,-4.57,-4.49,-1.89,Spread Divergence Stop Loss (Z=-4.49)
2026-08-16 19:04:38,2026-08-16 19:05:01,BTCUSDT/ETHUSDT,LONG_SPREAD,BTCUSDT,BUY,63008.1000,63008.1000,ETHUSDT,SELL,1888.2700,1888.6900,24.8779,-4.45,-4.58,-1.23,Spread Divergence Stop Loss (Z=-4.58)
2026-08-16 19:05:24,2026-08-16 19:05:47,BTCUSDT/ETHUSDT,LONG_SPREAD,BTCUSDT,BUY,63008.1000,63008.1000,ETHUSDT,SELL,1889.2900,1889.2800,24.5110,-4.73,-4.73,-0.38,Spread Divergence Stop Loss (Z=-4.73)
2026-08-16 19:06:09,2026-08-16 19:06:32,BTCUSDT/ETHUSDT,LONG_SPREAD,BTCUSDT,BUY,63004.3000,63008.1000,ETHUSDT,SELL,1888.5700,1888.2600,24.7484,-4.59,-4.45,0.22,Spread Divergence Stop Loss (Z=-4.45)
2026-08-16 19:06:54,2026-08-16 19:07:18,BTCUSDT/ETHUSDT,LONG_SPREAD,BTCUSDT,BUY,63008.1000,62967.1000,ETHUSDT,SELL,1889.7900,1889.7800,24.3190,-4.85,-5.25,-0.48,Spread Divergence Stop Loss (Z=-5.25)
2026-08-16 19:07:40,2026-08-16 19:08:03,BTCUSDT/ETHUSDT,LONG_SPREAD,BTCUSDT,BUY,62977.5000,63008.1000,ETHUSDT,SELL,1888.2600,1888.2500,24.6857,-4.83,-4.45,-0.31,Spread Divergence Stop Loss (Z=-4.45)
2026-08-16 19:08:25,2026-08-16 19:08:49,BTCUSDT/ETHUSDT,LONG_SPREAD,BTCUSDT,BUY,63007.9000,62870.6000,ETHUSDT,SELL,1889.9900,1890.0000,24.2386,-4.90,-5.93,-0.75,Spread Divergence Stop Loss (Z=-5.93)
2026-08-16 19:09:12,2026-08-16 19:09:35,BTCUSDT/ETHUSDT,LONG_SPREAD,BTCUSDT,BUY,63054.4000,63048.7000,ETHUSDT,SELL,1890.2400,1889.7700,24.5052,-4.41,-4.35,0.50,Spread Divergence Stop Loss (Z=-4.35)
2026-08-16 19:09:57,2026-08-16 19:10:20,BTCUSDT/ETHUSDT,LONG_SPREAD,BTCUSDT,BUY,63054.4000,63054.3000,ETHUSDT,SELL,1890.2500,1889.8900,24.5015,-4.42,-4.31,0.30,Spread Divergence Stop Loss (Z=-4.31)
2026-08-16 19:10:42,2026-08-16 19:11:06,BTCUSDT/ETHUSDT,LONG_SPREAD,BTCUSDT,BUY,63026.4000,63055.6000,ETHUSDT,SELL,1889.5400,1889.5400,24.5509,-4.58,-4.19,-0.33,Spread Divergence Stop Loss (Z=-4.19)
2026-08-16 19:11:28,2026-08-16 19:11:53,BTCUSDT/ETHUSDT,LONG_SPREAD,BTCUSDT,BUY,63055.6000,63051.3000,ETHUSDT,SELL,1889.2500,1888.1900,24.8660,-4.09,-3.77,1.68,Spread Divergence Stop Loss (Z=-3.77)
2026-08-16 19:12:17,2026-08-16 19:12:39,BTCUSDT/ETHUSDT,LONG_SPREAD,BTCUSDT,BUY,63042.5000,63037.7000,ETHUSDT,SELL,1888.0300,1888.0700,25.1729,-3.85,-3.95,-0.49,Spread Divergence Stop Loss (Z=-3.95)
2026-08-16 19:13:02,2026-08-16 19:13:24,BTCUSDT/ETHUSDT,LONG_SPREAD,BTCUSDT,BUY,63039.8000,63037.7000,ETHUSDT,SELL,1888.2500,1888.3300,25.0872,-3.98,-4.04,-0.56,Spread Divergence Stop Loss (Z=-4.04)
2026-08-16 19:13:47,2026-08-16 19:14:10,BTCUSDT/ETHUSDT,LONG_SPREAD,BTCUSDT,BUY,63045.1000,63048.1000,ETHUSDT,SELL,1888.6400,1888.6700,24.9964,-4.04,-4.00,-0.45,Spread Divergence Stop Loss (Z=-4.00)
2026-08-16 19:14:33,2026-08-16 19:14:56,BTCUSDT/ETHUSDT,LONG_SPREAD,BTCUSDT,BUY,63050.8000,63040.9000,ETHUSDT,SELL,1888.7700,1888.9300,24.9923,-4.00,-4.20,-0.74,Spread Divergence Stop Loss (Z=-4.20)
2026-08-16 19:15:18,2026-08-16 19:15:41,BTCUSDT/ETHUSDT,LONG_SPREAD,BTCUSDT,BUY,63032.9000,63033.5000,ETHUSDT,SELL,1888.8700,1889.2700,23.5656,-3.52,-3.63,-1.15,Spread Divergence Stop Loss (Z=-3.63)
2026-08-16 19:16:05,2026-08-16 19:16:27,BTCUSDT/ETHUSDT,LONG_SPREAD,BTCUSDT,BUY,63032.6000,63025.9000,ETHUSDT,SELL,1889.0100,1888.7300,23.5203,-3.57,-3.57,0.11,Spread Divergence Stop Loss (Z=-3.57)
2026-08-16 19:16:50,2026-08-16 19:17:13,BTCUSDT/ETHUSDT,LONG_SPREAD,BTCUSDT,BUY,63029.9000,63030.8000,ETHUSDT,SELL,1888.8800,1889.2700,23.5431,-3.56,-3.67,-1.13,Spread Divergence Stop Loss (Z=-3.67)
2026-08-16 19:17:36,2026-08-16 19:17:59,BTCUSDT/ETHUSDT,LONG_SPREAD,BTCUSDT,BUY,63024.0000,63035.6000,ETHUSDT,SELL,1889.1400,1889.4900,23.4223,-3.73,-3.67,-1.02,Spread Divergence Stop Loss (Z=-3.67)
2026-08-16 19:18:22,2026-08-16 19:18:44,BTCUSDT/ETHUSDT,LONG_SPREAD,BTCUSDT,BUY,63028.0000,63033.1000,ETHUSDT,SELL,1890.2700,1890.4300,23.0703,-3.98,-3.96,-0.68,Spread Divergence Stop Loss (Z=-3.96)
2026-08-16 19:19:08,2026-08-16 19:19:31,BTCUSDT/ETHUSDT,LONG_SPREAD,BTCUSDT,BUY,63040.1000,63047.5000,ETHUSDT,SELL,1892.1000,1891.4600,22.4918,-4.26,-4.03,0.76,Spread Divergence Stop Loss (Z=-4.03)
2026-08-16 19:19:53,2026-08-16 19:20:16,BTCUSDT/ETHUSDT,LONG_SPREAD,BTCUSDT,BUY,63034.4000,63039.3000,ETHUSDT,SELL,1891.2500,1891.2300,22.7663,-4.14,-4.08,-0.35,Spread Divergence Stop Loss (Z=-4.08)
2026-08-16 19:20:38,2026-08-16 19:21:01,BTCUSDT/ETHUSDT,LONG_SPREAD,BTCUSDT,BUY,63047.5000,63046.2000,ETHUSDT,SELL,1890.6600,1890.6700,23.0823,-3.84,-3.86,-0.42,Spread Divergence Stop Loss (Z=-3.86)
2026-08-16 19:21:24,2026-08-16 19:21:48,BTCUSDT/ETHUSDT,LONG_SPREAD,BTCUSDT,BUY,63055.5000,63055.5000,ETHUSDT,SELL,1892.8400,1892.8700,22.3404,-4.24,-4.24,-0.45,Spread Divergence Stop Loss (Z=-4.24)
2026-08-16 19:22:11,2026-08-16 19:22:35,BTCUSDT/ETHUSDT,LONG_SPREAD,BTCUSDT,BUY,63060.5000,63065.2000,ETHUSDT,SELL,1892.9100,1892.8800,22.3587,-4.20,-4.14,-0.34,Spread Divergence Stop Loss (Z=-4.14)
2026-08-16 19:22:57,2026-08-16 19:23:21,BTCUSDT/ETHUSDT,LONG_SPREAD,BTCUSDT,BUY,63066.5000,63068.5000,ETHUSDT,SELL,1892.9500,1893.1200,22.3983,-4.14,-4.15,-0.70,Spread Divergence Stop Loss (Z=-4.15)
2026-08-16 19:23:44,2026-08-16 19:24:08,BTCUSDT/ETHUSDT,LONG_SPREAD,BTCUSDT,BUY,63075.3000,63082.9000,ETHUSDT,SELL,1893.5100,1893.7200,22.2615,-4.16,-4.12,-0.75,Spread Divergence Stop Loss (Z=-4.12)
2026-08-16 19:24:31,2026-08-16 19:24:54,BTCUSDT/ETHUSDT,LONG_SPREAD,BTCUSDT,BUY,63087.3000,63096.4000,ETHUSDT,SELL,1894.5500,1894.3900,21.9632,-4.22,-4.10,-0.10,Spread Divergence Stop Loss (Z=-4.10)
2026-08-16 19:25:17,2026-08-16 19:25:41,BTCUSDT/ETHUSDT,LONG_SPREAD,BTCUSDT,BUY,63096.5000,63057.9000,ETHUSDT,SELL,1893.9500,1895.1900,22.2936,-4.02,-4.58,-2.68,Spread Divergence Stop Loss (Z=-4.58)
2026-08-16 19:26:04,2026-08-16 19:26:27,BTCUSDT/ETHUSDT,LONG_SPREAD,BTCUSDT,BUY,63097.1000,63097.1000,ETHUSDT,SELL,1894.8800,1894.9800,21.9292,-4.18,-4.20,-0.57,Spread Divergence Stop Loss (Z=-4.20)
2026-08-16 19:26:49,2026-08-16 19:27:13,BTCUSDT/ETHUSDT,LONG_SPREAD,BTCUSDT,BUY,63097.1000,63060.0000,ETHUSDT,SELL,1894.6500,1894.5800,22.0221,-4.14,-4.48,-0.37,Spread Divergence Stop Loss (Z=-4.48)
2026-08-16 19:27:35,2026-08-16 19:27:57,BTCUSDT/ETHUSDT,LONG_SPREAD,BTCUSDT,BUY,63097.1000,63097.1000,ETHUSDT,SELL,1893.9300,1893.9300,22.3073,-4.01,-4.01,-0.40,Spread Divergence Stop Loss (Z=-4.01)
2026-08-16 19:28:20,2026-08-16 19:28:43,BTCUSDT/ETHUSDT,LONG_SPREAD,BTCUSDT,BUY,63058.0000,63097.1000,ETHUSDT,SELL,1893.8800,1893.7300,21.9459,-4.40,-3.96,-0.05,Spread Divergence Stop Loss (Z=-3.96)
2026-08-16 19:29:06,2026-08-16 19:29:29,BTCUSDT/ETHUSDT,LONG_SPREAD,BTCUSDT,BUY,63097.1000,63097.1000,ETHUSDT,SELL,1893.8800,1893.7200,22.3267,-4.00,-3.96,-0.12,Spread Divergence Stop Loss (Z=-3.96)
2026-08-16 19:29:52,2026-08-16 19:30:39,BTCUSDT/ETHUSDT,LONG_SPREAD,BTCUSDT,BUY,63094.0000,63057.9000,ETHUSDT,SELL,1893.5800,1894.0800,22.4128,-3.97,-3.64,-1.37,Spread Divergence Stop Loss (Z=-3.64)
2026-08-16 19:31:01,2026-08-16 20:34:00,BTCUSDT/ETHUSDT,LONG_SPREAD,BTCUSDT,BUY,63097.2000,63261.1000,ETHUSDT,SELL,1894.1000,1894.0900,20.4231,-3.21,-0.01,0.01,Spread Mean-Reverted (Z=-0.01)
2026-08-16 20:57:07,2026-08-16 21:12:10,SUIUSDT/APTUSDT,SHORT_SPREAD,SUIUSDT,SELL,0.6773,0.6792,APTUSDT,BUY,0.5285,0.5282,0.5366,2.04,3.51,-0.87,Spread Divergence Stop Loss (Z=3.51)
2026-08-16 21:12:33,2026-08-16 21:12:56,SUIUSDT/APTUSDT,SHORT_SPREAD,SUIUSDT,SELL,0.6790,0.6792,APTUSDT,BUY,0.5282,0.5282,0.5336,3.37,3.51,-0.44,Spread Divergence Stop Loss (Z=3.51)
2026-08-16 21:13:19,2026-08-16 21:13:42,SUIUSDT/APTUSDT,SHORT_SPREAD,SUIUSDT,SELL,0.6793,0.6793,APTUSDT,BUY,0.5281,0.5281,0.5331,3.61,3.61,-0.40,Spread Divergence Stop Loss (Z=3.61)
2026-08-16 21:14:04,2026-08-16 21:14:27,SUIUSDT/APTUSDT,SHORT_SPREAD,SUIUSDT,SELL,0.6793,0.6793,APTUSDT,BUY,0.5281,0.5281,0.5331,3.61,3.61,-0.40,Spread Divergence Stop Loss (Z=3.61)
2026-08-16 21:14:51,2026-08-16 21:18:13,SUIUSDT/APTUSDT,SHORT_SPREAD,SUIUSDT,SELL,0.6794,0.6796,APTUSDT,BUY,0.5281,0.5274,0.5331,3.67,3.62,-0.55,Spread Divergence Stop Loss (Z=3.62)
2026-08-16 21:18:35,2026-08-16 21:18:59,SUIUSDT/APTUSDT,SHORT_SPREAD,SUIUSDT,SELL,0.6795,0.6794,APTUSDT,BUY,0.5274,0.5271,0.5298,3.57,3.60,-0.42,Spread Divergence Stop Loss (Z=3.60)
2026-08-16 21:19:21,2026-08-16 21:19:44,SUIUSDT/APTUSDT,SHORT_SPREAD,SUIUSDT,SELL,0.6791,0.6791,APTUSDT,BUY,0.5270,0.5268,0.5292,3.45,3.51,-0.43,Spread Divergence Stop Loss (Z=3.51)
2026-08-16 21:20:07,2026-08-16 21:20:31,SUIUSDT/APTUSDT,SHORT_SPREAD,SUIUSDT,SELL,0.6791,0.6791,APTUSDT,BUY,0.5265,0.5260,0.5277,3.60,3.74,-0.48,Spread Divergence Stop Loss (Z=3.74)
2026-08-16 21:20:54,2026-08-16 21:21:18,SUIUSDT/APTUSDT,SHORT_SPREAD,SUIUSDT,SELL,0.6792,0.6794,APTUSDT,BUY,0.5257,0.5259,0.5251,3.88,3.93,-0.41,Spread Divergence Stop Loss (Z=3.93)
